id,artworks,cover,created_at,external_games,first_release_date,game_modes,genres,name,platforms,player_perspectives,release_dates,screenshots,similar_games,slug,summary,tags,updated_at,url,websites,checksum,language_supports,game_type,age_ratings,involved_companies,keywords,themes,version_parent,version_title,parent_game,alternative_names,game_engines,storyline,videos,game_localizations,collections,hypes,multiplayer_modes,status,game_status,bundles,franchises,rating,rating_count,total_rating,total_rating_count,dlcs
264153,[116230],330041.0,1693461725,"[2737674, 2737644]",1694736000,[1],[32],Chez Croggy,"[6, 14]",[2],"[513328, 513329]","[1130518, 1130512, 1130515, 1130516, 1130517]","[113895, 17350, 115850, 65827, 111043, 94741, 51591, 36269, 116582, 105233]",chez-croggy,"Chef Croggy, AKA Croggster, AKA Croggison, is on the trip of a lifetime! Get ready for a gruesome, and rage inducing experience as you run, jump, and push your way through the wacky physics and camera angles Chez Croggy has to offer.",[268435488],1760076621,https://www.igdb.com/games/chez-croggy,"[578173, 580733]",f42c889f-604d-9bad-e655-18356a0fb3d8,"[786063, 786066, 786064, 786065, 786067, 786068, 786069, 786070, 786071, 786072, 786073, 786074]",0,,,,,,,,,,,,,,,,,,,,,,,,
310526,[142758],401091.0,1721992761,"[2934999, 2938000]",1694736000,"[1, 2]","[4, 14, 31, 33]",Golf vs. Zombies,"[169, 48, 6, 167, 49, 130]",,"[622033, 622034, 622035, 622036, 624264, 627488, 627489]","[1369389, 1369390, 1369391, 1369392, 1369393]","[103369, 101608, 15851, 56033, 87622, 111130, 117533, 114145, 96217, 59858]",golf-vs-zombies--1,Golf VS Zombies is arcade golf with an RPG twist. Tee off and slay the undead!,"[1, 268435460, 268435470, 268435487, 268435489, 536870917, 536870942]",1747166494,https://www.igdb.com/games/golf-vs-zombies--1,"[657703, 766144, 657702]",474b452f-5c36-614d-39e7-e7f58aa9a0ea,"[1054557, 1069838, 1069839, 1069840, 1069841, 1069842, 1069843, 1069844, 1069845, 1069846]",0,"[183404, 183403, 183399, 182311, 183400, 183402, 183401]",[277964],"[5, 30]",[1],,,,,,,,,,,,,,,,,,,,
261539,,337625.0,1692069340,"[2731745, 2749668, 2749893, 2749949, 2879096]",1694736000,,,Persona 5 Royal: 1 More Edition,"[169, 167, 130]",,"[532852, 532853, 532854]","[1153838, 1153839, 1153840, 1153841, 1153842]",,persona-5-royal-1-more-edition,"1 More Edition includes:

Treasure Chest Box - Collector’s box to hold your palace’s treasure.
Le Grimoire Art Frame - Plastic art frame inspired by Justine’s Le Grimoire clipboard.
Phantom Thieves Art Prints - Set of 5”x7” glossy high-quality prints made to be displayed in the included Frame.
Akechi’s Briefcase Bag - Akechi’s signature briefcase made into a 15” bag with logo on the front.
Arcana Tarot Card Deck - 24-card tarot deck featuring artwork of the arcana in a branded box.
Persona 5 Royal SteelBook Case - SteelBook game case featuring Persona 5 Royal artwork.
Physical Persona 5 Royal Game - Copy of Persona 5 Royal with over 40 items of previously released DLC included.",,1757978553,https://www.igdb.com/games/persona-5-royal-1-more-edition,,bde64240-8a73-0087-2edb-fc2ff781d4f9,,0,,,,,114283.0,1 More Edition,,,,,,,,,,,,,,,,,,
343701,,467776.0,1747359538,,1694736000,[1],[10],Acko's Mach-Bike Race,[24],[3],[740524],"[1530864, 1530863]","[80382, 109292, 294712, 250049, 250038, 55192, 104983, 27553, 44178, 27378]",ackos-mach-bike-race,,"[268435466, 536872916]",1757387956,https://www.igdb.com/games/ackos-mach-bike-race,,4b4ba7bc-72f2-c6c6-268a-f8468a7583c4,[1242762],5,,[320474],[2004],,,,1517.0,,,,,,,,,,,,,,,,,
266874,[162307],330760.0,1694828903,"[2743400, 3004855]",1694736000,[1],"[9, 31, 32]",Chordosis,[6],[1],[516564],"[1145753, 1145755, 1145757, 1145758, 1145759, 1145760, 1145762, 1145770, 1145765, 1145754, 1145756, 1145761, 1145763, 1145764, 1145766, 1145767, 1145768, 1145769, 1145771, 1145772]","[27266, 25646, 25222, 11668, 18011, 111130, 26658, 28070, 56033, 120201]",chordosis,"Chordosis invites you to experience a unique cosmic survival sci-fi horror game centered around alien abductions. Immerse yourself in the small village of Dunahont, Hungary, and uncover its chilling mysteries.","[18, 19, 21, 268435465, 268435487, 268435488, 536870915, 536871162]",1756993378,https://www.igdb.com/games/chordosis,"[734545, 734546, 734547, 734548, 582394]",06f85186-997a-8f3e-b088-da167534c238,"[799435, 799436, 799437, 1225034]",0,,"[231446, 231447]","[3, 250]","[18, 19, 21]",,,,[140625],[439],"Take on the role of Sadie, determined to find her vanished twin sister. Ignored by the authorities, Sadie embarks on a dangerous journey to unravel the truth.",[98023],,,,,,,,,,,,,
264658,[116596],331477.0,1693824671,"[2738843, 2738057]",1694736000,[1],"[13, 15, 31, 32]",Gold Rush Clicker,[6],,[516435],"[1133498, 1133500, 1133503, 1133504, 1133506, 1133508]","[79134, 65827, 109339, 36269, 25311, 35994, 55590, 31515, 29348, 87975]",gold-rush-clicker,"Dive into ""Gold Rush Clicker,"" an idle clicker game where you start as a novice miner. Tap to mine gold, buy upgrades, and face strategic challenges. With procedurally generated levels, stunning graphics, and Steam achievements, it's an endless journey to become the ultimate mining tycoon!","[268435469, 268435471, 268435487, 268435488]",1756998749,https://www.igdb.com/games/gold-rush-clicker,"[578822, 582314]",7e633300-6783-6f3b-c8d9-f6d78c8c67bd,[788310],0,,[231381],,,,,,,,,,,,,,,,,,,,,,
254849,"[115749, 115748, 115747]",330066.0,1687856204,"[2717042, 2717055, 2717141, 2717455, 2717107, 2717108, 2742887, 2742533, 2736118, 2742559, 2739035]",1694736000,"[1, 2, 4]","[10, 14, 33]",NASCAR Arcade Rush,"[169, 48, 6, 167, 49, 130]",[2],"[515345, 516510, 516878, 516879, 516880, 516881, 516997, 516999]","[1126176, 1126177, 1126174, 1126175, 1126178, 1126179, 1126180, 1126181]","[27378, 116353, 120795, 114432, 87053, 116667, 113105, 118871, 15851, 90965]",nascar-arcade-rush,The NASCAR Beasts are Unleashed!,"[268435466, 268435470, 268435489]",1758681934,https://www.igdb.com/games/nascar-arcade-rush,"[582362, 759106, 759107, 579183, 579184]",adc2b174-1239-7ee0-7b44-8471eddf2dbb,"[783098, 783099, 783100, 783101, 783102, 783103, 789366, 789367, 789368, 789369, 789370, 789364, 789365]",0,"[152978, 152979, 150829, 151059, 152870, 152980]","[231407, 231408]",,,,,,,,,,,,,,,,,,,,,,
265393,[117101],330036.0,1694049911,"[2742926, 2739781, 2740036, 2742907, 2742897, 2742953]",1694736000,"[1, 2, 4]","[9, 26, 32]",Bright Side: Riddles & Puzzles,"[48, 6, 49, 130]",,"[517016, 519824, 512903, 516690]","[1137721, 1137729, 1137722, 1137723, 1137724, 1137725, 1137726, 1137727, 1137728, 1137730]","[119412, 27266, 26223, 25646, 25222, 81275, 19083, 11588, 103402, 106992]",bright-side-riddles-and-puzzles,Who is lying? Who will survive? Which way is safe? Watch unusual stories and solve tricky riddles with your friends or solo!,"[40, 268435465, 268435482, 268435488]",1760695305,https://www.igdb.com/games/bright-side-riddles-and-puzzles,"[771903, 771904, 579852, 582308]",e1dbdf00-79ef-5bee-ee1e-5467aa3c5739,"[791797, 791798]",0,"[153019, 153022, 152410, 153020, 153021, 153023]",[245465],,[40],,,,[140627],,,,,,,,,,,,,,,,
254843,[112583],330033.0,1687852564,"[2742565, 2717258, 2717453, 2717128, 2752477, 2754185, 2717126, 2719086, 2747246, 2855547, 2718986, 2718989, 2749366, 2742540, 2720189, 2720363, 2720380, 2743323, 2719033, 2743005, 2742888, 2730775, 2724419]",1694736000,"[1, 2, 3]","[7, 31]",Baby Shark: Sing & Swim Party,"[169, 48, 6, 167, 49, 130]",[2],"[515323, 515324, 517001, 517000, 518741, 518742]","[1097037, 1097038, 1097039, 1097040, 1097041, 1097042, 1097043, 1097044, 1097045, 1097046]","[63933, 114145, 6389, 108759, 103315, 77529, 299813, 292150, 245635, 191409]",baby-shark-sing-and-swim-party,Swim across the wide ocean with the Shark Family to enjoy the Fin-tastic Festival. Choose from five customizable characters and play either in the runner or rhythmic game mode. Sing and swim to fin-omenal songs and get rewarded with tons of musical cards to add to your album.,"[35, 40, 268435463, 268435487, 536875054]",1760594259,https://www.igdb.com/games/baby-shark-sing-and-swim-party,"[567929, 758600, 758602]",f30b20de-a015-5676-f114-10eb4d4f02f7,"[800816, 734427, 734428, 734430, 734381, 734382, 734383, 734384, 734385, 734386, 734387, 734388, 734389, 734390, 734391, 734392, 734393, 734394, 734395, 734396, 734397, 734398, 734399, 734400, 734401, 734402, 734403, 734404, 734405, 734406, 734407, 734408, 734409, 734410, 734411, 734412, 734413, 734414, 734415, 734416, 734417, 734418, 734419, 734420, 734421, 734422, 734423, 734424, 734429, 734431, 734425, 734426, 749509, 799391, 799392]",0,"[149263, 152983, 149071, 152868, 152981, 152982]","[231575, 231576]",[4142],"[35, 40]",,,,,,,"[98060, 98061]",[29974],,,,,,,,,,,,
267329,[118318],331292.0,1695108182,"[2743876, 2859160, 2743362]",1694736000,[1],"[8, 31, 32]",Shadow King,"[82, 3, 6, 14]",[4],"[517218, 517219, 517220]","[1182619, 1182620, 1182622, 1182623, 1182624]","[96217, 24426, 28070, 106987, 29032, 113360, 19150, 3222, 36198, 20342]",shadow-king,"The Shadow King has invaded the castle belonging to the Knights of Valor and they need your help to get it back! Explore the massive castle in this metroidvania and help the fallen knights back to their former glory! Upgrade your moves and weapons along the way as you fight minions, defeat bosses, find secrets, and unravel what has happened.","[1, 17, 268435464, 268435487, 268435488, 536871038, 536871200, 536871389, 536872617, 536894660, 536896224]",1760451633,https://www.igdb.com/games/shadow-king,"[583017, 792728, 792729, 594006]",047cf142-c5cb-a190-01ff-2140132d7aab,[801421],0,,[239491],"[126, 288, 477, 1705, 23748]","[1, 17]",,,,,[829],,[98149],,,,,,,,,,,,,
261491,[115453],330039.0,1692054388,"[2734613, 2731846]",1694736000,[1],"[8, 31, 32]",Catch Up,[6],[4],[503480],[1115767],"[96217, 24426, 106987, 28070, 19164, 113360, 19150, 36198, 20342, 55173]",catch-up,"Welcome to the enchanting world of ""Catch Up""! Get ready to embark on an exciting precision platforming adventure like you've never seen before! Join an epic journey with a brave cat where skill and precision will be your best allies.","[1, 17, 27, 268435464, 268435487, 268435488, 536871043, 536871482, 536896743, 536908792]",1761056651,https://www.igdb.com/games/catch-up,"[573537, 573526, 580732]",5c6f88f3-f668-41bc-4614-f014924a1aa3,"[750118, 750119, 750120, 750121, 750122, 750123, 750124, 750125, 750126, 750127, 750128, 750129, 750130]",0,[175177],[230625],"[131, 570, 25831, 37880]","[1, 17, 27]",,,,,[13],"""Catch Up"" is a challenging 2D game with high-quality pixelated graphics that will transport you to three unique and stunning biomes. Explore vibrant and detailed landscapes, from lush forests to Dark Places and Ancient Ruins.
Your mission is to help our courageous feline find the way back home. However, it won't be an easy task! Face cleverly designed obstacles in every corner of the biomes. Enjoy the evolution of your movements and jumps, improving your skills throughout the journey.

The original soundtrack will immerse you even further into this captivating world. Each melody has been carefully composed to accompany your journey, creating an engaging and thrilling atmosphere.

Challenge yourself to push the platforming boundaries in ""Catch Up""! Prepare for a unique gaming experience where precision and dexterity are essential for success. Master the control of our adorable feline protagonist and pave the way back home in this immersive and addictive game.

Accept the challenge and prove your skills in ""Catch Up"" - a game that will test your reflexes, patience, and determination, all within a charming pixelated universe.

Are you ready to help this little kitten get back home? The fate of our cat is in your hands!",[95764],,,,,,,,,,,,,
250953,[108650],348444.0,1685068713,"[2707121, 2706678]",1694736000,[1],[32],Dungeons & Keyboards,"[6, 14]",,"[538424, 538425]","[1058984, 1058987, 1058990, 1058994, 1058997, 1059000]","[113895, 105233, 111130, 32902, 119121, 40524, 96217, 106987, 37419, 28309]",dungeons-and-keyboards,"Ready your typing skills and defeat the quirky enemies of the Tower of Verbum. Collect coins, relics, and experience to buy items, assign stats and unlock permanent upgrades. How far will your typing skills take you?","[1, 268435488]",1759493240,https://www.igdb.com/games/dungeons-and-keyboards,"[598412, 553846, 553847, 598413]",f1f7963f-660a-bd61-c10b-9edf98626786,"[700022, 700023]",0,,,,[1],,,,,[456],,,,,,,,,,,,,,,
199703,[75549],416405.0,1651516964,[2434733],1694736000,[1],[32],Furry Shades of Gay 3: Still Gayer,[6],,[689039],"[786281, 786283, 786284, 786285]","[28465, 67166, 22472, 41895, 115735, 22425, 75900, 22426, 75797, 43097]",furry-shades-of-gay-3-still-gayer,"Furry Shades of Gay 3 gets even steamier and funnier with new stories, new characters and new features! Go through all the branches and see new, longer animations with more varied poses, and for the first time in the series, voice acting!","[42, 268435488, 536871255, 536872873, 536874498, 536887985]",1757041444,https://www.igdb.com/games/furry-shades-of-gay-3-still-gayer,"[814066, 814067, 814068, 814069, 814070, 280335]",ba8dbc63-a893-6295-6bfd-d5f473687acd,"[310950, 310954, 310953, 310940, 310942, 310944, 310946, 310948, 310952]",0,,[302740],"[343, 1961, 3586, 17073]",[42],,,,,,"Furry Shades of Gay 3 is a collection of hot novels with choice and match-3 elements! You'll find new stories, new (and old!) characters, and a new, more diverse match-3 experience. Go through all the stories, uncover all the plot options, and unlock 15 hot voiced animations!",,,[11075],,,,,,,,,,,
135681,[79472],131273.0,1594246726,"[1967400, 2741069, 2140681, 2742884, 2742538, 2742569, 2514800]",1694736000,[1],"[8, 12, 31]",Another Crusade,"[48, 3, 34, 6, 39, 167, 14, 49, 130]",[2],"[516996, 518716, 518717, 519678, 509213, 509214, 509215, 509216, 509217]","[392229, 392230, 392231, 392232, 392233, 392234]","[96217, 106987, 24426, 81249, 103303, 113360, 55038, 103168, 19164, 27092]",another-crusade,"The spiritual successor of a super RPG and its seven stars. A timed-battle role playing game where timing and strategy is all!

Another Crusade gathers the gameplay mechanics of Super Mario RPG. Timed-battle commands and exploration as a platformer are part of the game.

The game is currently on a kickstarter and is set to be published on Q4 2021.","[1, 17, 268435464, 268435468, 268435487, 536871063]",1760935152,https://www.igdb.com/games/another-crusade,"[146676, 146677, 246801, 742118, 762053, 762054, 146675, 246800, 294321, 424158]",96d3a13c-2959-fa6f-0eaa-d8babef73cff,"[472826, 642689, 755148, 755149, 799393]",0,"[152973, 152976, 150393, 32833, 152866, 152972]",[227929],[151],"[1, 17]",,,,,[603],"A war between humans and monsters was taking place not long ago to see which one was the ruler race. The Order of Light, founded for this same purpose, sent out groups of warriors to deal with the monsters, as this non human race is believed to hold a danger for mankind.

The war ended with the mightiest of dragons being defeated by a knight and its fellow companions.

After a week of this event, our protagonist, Rai, the knight and now dragon slayer, was about to take a well earned rest, when a meteorite came crashing just beside him. Over the horizon, barriers were being created in specific locations, one being on a town close to where Rai was.

Why are barriers appearing? Where did the meteorites come from? Are the monsters trying to reclaim the throne of the ruler race?

Rai, having his rest being crushed by a new menace, decides that it’s time to set out on an adventure again!","[38459, 93633]",,,1.0,,,,,,,,,,
241883,[189905],324934.0,1678946103,"[2684492, 2684504]",1694736000,[1],"[15, 32, 35]",Crop Rotation,"[3, 6, 14]",,"[537647, 537648, 537649]","[1120231, 1120232, 1120233, 1120234, 1120235]","[65827, 19404, 36269, 116992, 55590, 31515, 17130, 18623, 32510, 111043]",crop-rotation,Crop Rotation is a farming-theme card drafting game. Cards are played automatically so you can focus on the deck building and building synergies.,"[268435471, 268435488, 268435491, 536896738]",1758166593,https://www.igdb.com/games/crop-rotation,"[537987, 597805, 597804]",4f323e77-304c-cb25-6363-08da2e89cc76,"[648654, 847924, 870522, 870523, 870524, 870525, 870526]",0,,,[25826],,,,,[182951],[610],,,,,,,,,,,,,,,
264700,[116635],331470.0,1693825045,"[2738856, 2857411, 2855018, 2738233]",1694736000,[1],"[9, 15, 31, 32]",Dreams of a Geisha,"[3, 6, 14, 130]",,"[516428, 516426, 516427, 529642]","[1133789, 1133792, 1133797, 1133800, 1133803, 1133807]","[27266, 26223, 113402, 25646, 25222, 79134, 81275, 109339, 109129, 25311]",dreams-of-a-geisha,Journey through the wonderful world of Geisha. Help Ichisumi to reopen the temples and restore a world of beauty and passion.,"[268435465, 268435471, 268435487, 268435488]",1759066480,https://www.igdb.com/games/dreams-of-a-geisha,"[781149, 578866, 582311]",8af21142-c330-a047-89aa-f530412b5680,"[788495, 788501, 788505, 788511, 788516, 788493, 788494, 788496, 788497, 788504, 788508, 788513, 788506, 788510, 788515, 788517, 788499, 788502, 788503, 788507, 788509, 788512, 788514]",0,"[157026, 158022, 156469]",[231379],,,,,,,,,,[30821],,,,,,,,,,,,
260284,[114114],329120.0,1691337232,"[2730141, 2729314]",1694736000,"[1, 2, 3]","[13, 31, 32]",The Backrooms: Last Expedition,[6],,[513170],"[1109547, 1109548, 1109549, 1109550, 1109551, 1109552]","[111130, 114455, 25646, 80916, 25311, 35994, 18020, 19817, 18011, 68271]",the-backrooms-last-expedition,"""The Backrooms: Last Expedition"" is a cooperative horror game designed for 1 to 4 players. Its main objective is to create an enjoyable gaming experience for friends. Players will navigate through terrifying levels, filled with various entities and dangers, as they strive to escape.","[1, 19, 43, 268435469, 268435487, 268435488, 536871043, 536871162, 536873304]",1760259800,https://www.igdb.com/games/the-backrooms-last-expedition,"[571325, 580633, 580634, 580635]",b6a05edb-653f-a39f-6013-cb88b8efaf6f,"[745881, 745882, 745883, 745884, 745885, 799618, 799619, 799620, 799621, 799622, 799623, 799624, 799625]",0,,[230577],"[131, 250, 2392]","[1, 19, 43]",,,,,[982],,[97519],,,,[24481],4.0,4.0,,,,,,,
267144,[118158],331537.0,1695019144,"[2868201, 2743793, 2928357, 2742895, 2742908, 2742931]",1694736000,[1],"[8, 9, 31, 32, 33]",Perfect Ninja Painter,"[169, 48, 6, 167, 49]",,"[552026, 622551, 622552, 622553, 622554, 622550]","[1147298, 1147299, 1147300, 1147301, 1147302, 1147303]","[56033, 20342, 55173, 24426, 110503, 28070, 51485, 55190, 89597, 27266]",perfect-ninja-painter,"Perfect Ninja Painter is a colorful arcade puzzle game that's so much fun, it's hard to stop. Paint the walls through 50 levels and try to get all stars!","[268435464, 268435465, 268435487, 268435488, 268435489, 536871013, 536871076]",1761031715,https://www.igdb.com/games/perfect-ninja-painter,"[784931, 600981, 658039]",dfe2fd6f-2fe4-3819-0a7e-d6bf1972c4c5,"[800884, 800885, 800886, 800887, 800888, 800889, 800890, 800891, 800892, 800893, 800894, 800895, 800896, 800897, 800898, 800899, 800907, 800908, 800900, 800901, 800902, 800903, 800904, 800905, 800906, 800909, 800910, 800911, 800912, 800913, 800914, 800915, 858880, 858881, 858882, 858883, 858884, 858885, 858886, 858887, 858888, 858889, 858890, 858891, 858892, 858893, 858894]",10,"[153042, 153041, 153040, 153043, 153038, 153039]",[278295],"[101, 164]",,,,230064.0,,[340],,[120784],,,,,,,"[284869, 331486, 331517]",,,,,,
317711,,413207.0,1727279938,,1694736000,[1],"[5, 8]",Nano Player Pro: Mega Man,[411],,[645643],[1399775],"[57187, 95340, 119177, 106805, 28751, 38030, 19164, 43367, 55038, 105269]",nano-player-pro-mega-man,"Mega Man is the iconic blue bomber who has been delighting fans for over 30 years. Mega Man is one of the most popular video game franchises of all time. The Mega Man series has sold over 38 million units worldwide. With his ability to absorb the powers of his enemies, Mega Man is a force to be reckoned with. Battle your way through challenging levels, defeat powerful bosses, and save the world from Dr. Wily's evil plans.

Includes Mega Man, Mega Man 2, Mega Man 3, Mega Man 4, Mega Man 5 and Mega Man 6.","[1, 268435461, 268435464, 536871872, 536887904, 536909013]",1756993149,https://www.igdb.com/games/nano-player-pro-mega-man,[676457],907f6c89-596d-bbd6-cc18-1abee8f231c1,,3,,[288464],"[960, 16992, 38101]",[1],,,,"[158542, 158543, 158544]",,,,,[337],,,,,,[38],,,,,
264801,[116730],330464.0,1693829877,"[2738919, 2738473]",1694736000,[1],"[8, 9, 32]",Dashbounce,[6],[4],[734329],"[1134574, 1134577, 1134580, 1134582, 1134584, 1134586, 1134588, 1134589]","[20342, 55173, 24426, 113895, 28070, 25646, 89597, 55190, 56033, 77529]",dashbounce,"Dashbounce is a 2D Speedrunning Puzzle-Platformer about going fast and intentionally abusing physics quirks! Seek the goal in each level before the clock hits zero - but watch out, you can't jump! You'll have to use your surprising speed and bouncy body to turn every object and obstacle into an advantage!","[1, 268435464, 268435465, 268435488]",1760790679,https://www.igdb.com/games/dashbounce,[579011],45486857-4478-c0c5-3bde-578fbaeca132,[789092],0,,[231272],,[1],,,,,,,,,,,,,,,,,,,,
244852,[105718],328849.0,1680956833,"[2690123, 2691282, 2896371, 2933680]",1694736000,"[1, 2]","[13, 14, 33]",Golf vs. Zombies,[6],[2],[512763],"[1029607, 1029613, 1029617, 1029620, 1029622, 1029624, 1029626, 1029628]","[38967, 35994, 22690, 17379, 72812, 118871, 15851, 114285, 44076, 102584]",golf-vs-zombies,"Golf VS Zombies is an arcade golf simulator with RPG elements which combines golfing precision with action-packed combat against the undead. Grab your clubs and get in your golf cart, for in this zombie apocalypse, there is only golf.","[1, 27, 268435469, 268435470, 268435489, 536870917, 536870942, 536870981, 536871013, 536872423, 536872536, 536872666, 536874781, 536894218]",1761045033,https://www.igdb.com/games/golf-vs-zombies,"[647169, 759376, 636932, 647170, 647171, 647172, 543578]",95388867-4b64-bf17-960d-b33f96e2f373,"[673527, 984812, 984813, 984814, 1051426]",0,[182073],"[271606, 271607, 271608]","[5, 30, 69, 101, 1511, 1624, 1754, 3869, 23306]","[1, 27]",,,,[140157],,"Frenemies. We mean frenemies. There are no friends in the post-apocalyptic, living dead-infested wasteland. So you might want to take your club, hit those courses, collect bottlecaps (what other currency did you expect? rupees?), and drive your golf cart through crowds of zombies for fun and profit. OR! Or you can invite up to 3 more people to a hilarious hot-seat golfing duel, treuel, or even quadruel, where survival is optional, but fun is unavoidable.",[116947],,,,[24465],,,,,,,,,
204856,[78600],265246.0,1655200957,"[2449356, 2742912, 2742892, 2449257, 2743240, 2742936, 2742947]",1694736000,"[1, 2]","[4, 31, 32, 33]",Super Brawl Rush,"[169, 48, 6, 167, 49, 130]","[3, 4]","[516513, 516774, 516775, 516776, 516777, 516992, 516993, 516773]","[812138, 812139, 812140, 812141, 812142, 812143]","[111130, 96217, 106987, 28309, 25646, 103369, 56033, 80916, 113895, 43367]",super-brawl-rush,"Super Brawl Rush is a boss rush beat'em up set in the scorched post-apocalyptic lands of the near future. Choose your champion and fight your way between swarms of bloodthirsty thugs, mutants and cultists.","[1, 268435460, 268435487, 268435488, 268435489]",1760840141,https://www.igdb.com/games/super-brawl-rush,"[290086, 494165, 759681, 759683, 290085]",336897e7-22d2-78cf-087b-47144a8a8ece,"[348700, 348701, 348702, 348703, 348704, 348706, 348707, 348708, 348705, 348709, 800804, 800806, 800808, 800810, 800812, 800814, 799408, 799409]",0,"[152966, 152968, 152970, 152967, 152965, 152971]","[231409, 231551]",,[1],,,,,,,[98054],,,,,,,,,,,,,
268557,[118882],337640.0,1695692150,[2753878],1694736000,[1],"[4, 12, 31]",For a Vast Future: Deluxe Edition,[130],,[532315],,"[101608, 96217, 106987, 28309, 115280, 81249, 103303, 80916, 30245, 103168]",for-a-vast-future-deluxe-edition,"Experience a dystopian future and bring down the government, evil cults, and even more villains standing in your way.
Sink into a classic RPG, and wait for your turn to stop Doomsday from happening!

The people of Seralia experienced a devastating war. While most of them fight over scraps, the corrupted government schemes to take revenge using a secret weapon – secret and deadly. Join a group of heroic outlaws and stop this madness.","[1, 268435460, 268435468, 268435487]",1757211396,https://www.igdb.com/games/for-a-vast-future-deluxe-edition,[768873],4c37b82d-ff5d-62b3-714d-93af4600c90c,,0,[154027],,,[1],144170.0,Deluxe Edition,,,,,,[30607],,,,,,,,,,,,
240765,[103432],290956.0,1678088738,"[2681508, 2681126]",1694736000,[1],"[8, 32]",Grey Area,[6],,[543149],"[1009271, 1009282, 1009277, 1009279, 1009280, 1009274]","[26226, 28070, 29032, 18182, 55042, 111253, 77529, 55190, 24426, 56033]",grey-area,"A tough platformer following an 8-year-old diving over, under, and around the terrifying creatures living in a strange, mysterious world that's so much bigger than her: the ""world between all worlds"".","[1, 268435464, 268435488, 536870984, 536871038, 536871200, 536871874, 536872225, 536872609, 536872692, 536873338, 536873789, 536873926, 536875047, 536894373, 536895436, 536896743]",1760792132,https://www.igdb.com/games/grey-area,[535820],fbd89748-90f7-4adb-2544-baac777ec6ac,"[644749, 644750]",0,,,"[72, 126, 288, 962, 1313, 1697, 1780, 2426, 2877, 3014, 4135, 24524, 25831]",[1],,,,,,,[103211],,,,,,,,,,,,,
265519,[117208],330040.0,1694066496,"[2740545, 2740116]",1694736000,[1],"[31, 32]",Charles Haunted Mansion,[6],[3],[513107],"[1138528, 1138529, 1138530, 1138531, 1138532, 1138533]","[111130, 55282, 26658, 120201, 13189, 27266, 25646, 25222, 87514, 109339]",charles-haunted-mansion,"Charles Haunted Mansion is a 2D Top-Down Survival Horror game based on the story of a mansion, haunted by the vengeful spirit of a woman who was murdered inside the mansion decades ago.","[19, 21, 268435487, 268435488]",1760008757,https://www.igdb.com/games/charles-haunted-mansion,"[580049, 580050, 580556]",b12f473a-4508-c8dd-c992-27656128bf35,"[792681, 792682]",0,,,,"[19, 21]",,,,,,,[97503],,,,,,,,,,,,,
212959,[83479],259681.0,1660007580,"[2529591, 2529478]",1694736000,[1],"[31, 32]",Pep-Pel,"[3, 6, 14]",,"[693849, 693850, 693851]","[853860, 853863, 853865, 853867, 853868, 853869, 853872, 853875, 853881]","[111130, 96217, 113895, 106987, 28309, 25646, 87622, 80916, 68271, 30245]",pep-pel,"Run through each level as Pep-Pel! a goofy red goblin thing. In this beautifully hand drawn game. play through tons of fast-paced and difficult levels, each with there own challenge to master!","[1, 268435487, 268435488]",1760795327,https://www.igdb.com/games/pep-pel,"[303104, 500188]",8fae51aa-36aa-489b-530e-71d8ef6a86e7,"[567969, 732369, 732371, 732373, 732363, 732364, 732365, 732366, 732367, 732368, 732370, 732372, 732374, 732375, 732376]",0,,,,[1],,,,,,,,,,,,,,,,,,,,
266303,,331544.0,1694492196,[2741682],1694736000,"[1, 2, 3]",[13],X-Plane 12: Aerosoft - Airport Menorca,"[3, 6, 14]",,"[516395, 516396, 516397]","[1142981, 1142982, 1142983, 1142984, 1142960, 1142961, 1142962, 1142963, 1142964, 1142965, 1142971, 1142972, 1142979, 1142980, 1142966, 1142967, 1142968, 1142969, 1142970, 1142973, 1142974, 1142975, 1142976, 1142977, 1142978]","[101573, 105264, 115738, 17613, 112754, 87485, 100794, 36346, 65827, 76340]",x-plane-12-aerosoft-airport-menorca,The popular holiday island Menorca is now also available for X-Plane. The current aerial images come in a resolution of 50cm/pixel down to 25cm/pixel in the airport area.,[268435469],1725460198,https://www.igdb.com/games/x-plane-12-aerosoft-airport-menorca,"[581475, 581476, 669437]",9f3bc72c-9f18-4fa0-1aab-5a47e1853665,"[796315, 796316, 796317, 796318, 796319, 796320, 796321, 796322, 796323, 796324, 796325]",13,,[231370],,,,,215544.0,,,,,,,,,,,,,,,,,
256034,[118184],330803.0,1688982999,"[2718972, 2742932, 2743572, 2742891, 2742909, 2743593, 2743553]",1694736000,[1],"[12, 31]",Lies of P: Deluxe Edition,"[6, 48, 49, 167, 169]",[2],"[516656, 516659, 516658, 517030, 517031, 516657, 516650]","[1147408, 1147409, 1147410, 1147411, 1147412, 1147413, 1147414, 1147415, 1147416]","[81249, 103303, 19164, 111130, 102584, 96217, 26574, 18225, 106987, 28309]",lies-of-p-deluxe-edition,"Lies of P is an action role-playing game set in a dark, Belle Époque-inspired city overrun by deadly puppets. Players control Pinocchio, reimagined as a mechanical warrior, navigating a decaying world while making choices that affect the unfolding narrative. The game features challenging melee combat, weapon customization, and a mechanical arm with various abilities.

The Deluxe Edition includes:
• The base game;
• The Great Venigni’s Signature Coat;
• The Great Venigni’s Glasses;
• Mask worn by those preparing for the festival.","[1, 19, 38, 268435468, 268435487, 536872609, 536888238]",1759446475,https://www.igdb.com/games/lies-of-p-deluxe-edition,"[793778, 793779, 793780]",74bf3339-39a4-4915-823a-ab8f7bb5add8,"[800934, 800935, 800936, 800937, 800938, 800939, 800940, 800941, 800942, 800943, 800944, 800945, 800946, 800947, 800948, 800949, 800950, 800951, 800953, 800954, 800955, 800956, 800957, 800958, 800952]",0,"[153102, 153104, 153105, 153106, 153107, 153108, 153103]","[321193, 321194]","[1697, 17326]","[1, 19, 38]",148241.0,Deluxe Edition,,,,,,"[30023, 30064]",,,,,,,,,,,,
102806,[90274],125802.0,1527534941,"[1864745, 1918051, 2615350]",1694736000,"[1, 2, 3]","[5, 13, 32]",Dead Matter,"[3, 6, 14]","[1, 2]",[728911],"[212969, 212970, 212968, 212973, 212971, 212972, 212974, 212975, 212976, 212977, 212978, 212979, 1383147, 1383146]","[17379, 44076, 19561, 26574, 5574, 37419, 9243, 24765, 102584, 10776]",dead-matter,"A rogue-lite that aims to quench the community’s thirst for a title that properly balances survival mechanics with fulfilling gameplay.

Dead Matter is a true sandbox survival horror. Players will fight to survive in a zombie-packed, post-apocalyptic world that fosters whichever play-style fits you best. Settle down and defend your home from outside threats with an expansive crafting and barricading system, cultivate and live off the land, or branch out, explore, and scavenge whatever vehicles, weapons, and food you may find in a zombie-plagued Alberta – alone, or with your friends.","[1, 19, 21, 33, 38, 268435461, 268435469, 268435488, 536870917, 536870976, 536870981, 536870984, 536871094, 536871422, 536871900, 536872015, 536872421, 536873049, 536873084, 536873304, 536873337, 536873401, 536873405, 536877227, 536887995, 536888107, 536888204]",1756993384,https://www.igdb.com/games/dead-matter,"[79719, 79718, 79717, 79720, 79715, 79716, 320437, 392394]",d940ca55-88ee-5d5d-9772-623037c7f13c,"[131822, 131823]",0,,[65154],"[5, 64, 69, 72, 182, 510, 988, 1103, 1509, 2137, 2172, 2392, 2425, 2489, 2493, 6315, 17083, 17195, 17292]","[1, 19, 21, 33, 38]",,,,,[439],,"[20200, 20199, 20201]",,,4.0,"[8744, 8746, 8745]",4.0,4.0,,,,,,,
239920,[103083],429046.0,1677502289,"[2679352, 2679390, 2948982]",1694736000,"[2, 3, 6]","[5, 15, 31]",Blood Strike,"[34, 6, 39]",[1],"[589894, 592991, 592992, 589895, 589897, 589898]","[1317389, 1317390, 1317391, 1317392]","[95340, 106805, 105269, 55038, 19164, 25311, 27092, 35994, 107318, 103301]",blood-strike--2,"Charge into fast paced combat in modes such as Battle Royale, Squad Fight or Hot Zone alone or with friends. Blood Strike offers a wide range of playable Strikers, each with a unique active and passive ability letting you deploy drones, shield walls and everything in between. Customize your weapons to your liking and get ready to prove that you have what it takes to come out on top!","[1, 268435461, 268435471, 268435487, 536908748]",1758678210,https://www.igdb.com/games/blood-strike--2,"[634551, 534329, 634550, 634548, 634547, 632442, 632443, 634549, 676760]",1fb13395-a9b3-b96f-6276-88607a041ff1,"[1094137, 1094139, 1094140, 1094141, 1094138, 1094142, 1094143, 1094145, 1094144, 1094146, 1094147, 984067, 984068, 984069, 984070, 993398, 993399, 993400, 993392, 993395, 993397, 993401]",0,,[267027],[37836],[1],,,,"[143419, 163818, 163819, 169598]",,,[113923],,,2.0,[27966],,,,,92.72385723231059,23.0,92.72385723231059,23.0,
258338,[112725],426851.0,1690361743,"[2726304, 2724479]",1694736000,"[2, 3]","[13, 31, 32]",Webventure,[6],,[682611],"[1097853, 1097854, 1097855, 1097856, 1097857]","[111130, 25311, 35994, 29348, 87975, 96217, 106987, 37419, 28309, 113895]",webventure,"You and your friend will have work together to overcome challenges using your webs and creativity, helping each other and unraveling the mysteries of the forest.","[1, 268435469, 268435487, 268435488]",1759739967,https://www.igdb.com/games/webventure,"[834276, 568089]",e63154f7-5d33-fcd7-7a2a-8383f38afd20,"[735271, 735272, 735273, 735274, 735275, 735276, 735277, 735278, 735279, 735280, 735281, 735282, 735283, 735284, 735285, 735286, 735287, 735288, 735289, 735290, 735291]",0,,,,[1],,,,,,,,,,,,,,,,,,,,
265840,[117425],337649.0,1694159678,"[2740835, 2741126]",1694736000,[1],"[13, 14, 33]",League of Champions Soccer 2024,"[48, 130]",,"[518724, 532398]","[1140282, 1140284, 1140286, 1140289, 1140291, 1140292]","[27378, 116353, 115869, 114432, 112846, 87053, 116667, 112078, 118871, 15851]",league-of-champions-soccer-2024,Live the new Champions European League Soccer Competition like real players do. Choose your team and play the matches of the real draw until the final.,"[268435469, 268435470, 268435489]",1758420927,https://www.igdb.com/games/league-of-champions-soccer-2024,[775814],d340574f-afb2-05de-57c9-aba6ebe6a559,[794391],0,"[153980, 152089]",,,,,,,,,,,,,,,,,,,,,,,
295704,[134401],,1712274856,,1694736000,,,For a Vast Future: Colour Palette 3,[130],,[580997],,,for-a-vast-future-colour-palette-3,,,1747165356,https://www.igdb.com/games/for-a-vast-future-colour-palette-3,[764138],1100053a-d0f3-14c0-e6db-0f3058b5b6a0,,13,[172055],,,,,,144170.0,,,,,,,,,,,,,,,,,
282528,[129653],359760.0,1705049274,"[2719615, 2891706]",1694736000,[1],"[9, 31, 32]",Reflections: Nightingale,[381],[3],[552874],"[1218335, 1218336]","[25646, 25222, 27266, 114455, 18020, 19817, 18011, 111130, 28070, 56033]",reflections-nightingale,A Short Form Horror Game,"[19, 268435465, 268435487, 268435488, 536871043, 536872227, 536872609, 536873565, 536888180]",1760084697,https://www.igdb.com/games/reflections-nightingale,"[607300, 607301]",27c45b62-933c-b2ce-3229-27bee640080a,[931655],0,,[248082],"[131, 1315, 1697, 2653, 17268]",[19],,,,[149439],,,[104806],,,,,,,,,,,,,
258042,[112354],439642.0,1690297468,"[2724269, 2723940]",1694736000,[1],"[13, 15, 32]",Vox Populi: Spain 2023,[6],,[516405],"[1095504, 1095505, 1095506, 1095507, 1095508, 1095509]","[65827, 36269, 55590, 31515, 33603, 33646, 51577, 17130, 17519, 18623]",vox-populi-spain-2023,"Play as an existing or fully customized political figure, and campaign for the Spanish general election of 2023! In ""Vox Populi: Spain 2023"", you and the characters around you will have to promote your ideas and your popularity throughout the country to claim victory!","[268435469, 268435471, 268435488]",1758630770,https://www.igdb.com/games/vox-populi-spain-2023,"[567672, 582284, 582285]",fbc44687-3259-c366-3bd2-c0bac006ed0f,"[731249, 731250, 731251, 731252, 731253]",0,,[231372],,,,,,,,,[97992],,,,,,,,,,,,,
263219,[115695],331461.0,1692952497,"[2735895, 2734771]",1694736000,[1],"[13, 31, 32]",AploVVare Collection,[6],,[516505],"[1125058, 1125059, 1125062, 1125060, 1125061]","[29348, 87975, 79134, 109339, 25311, 35994, 65827, 111130, 36269, 55590]",aplovvare-collection,"You found an old game console along with some games at a garage sale. You remember playing these as a kid, and couldn't resist getting it. Maybe you could give them a whirl, just for old time's sake?","[268435469, 268435487, 268435488, 536873297]",1695188401,https://www.igdb.com/games/aplovvare-collection,"[576648, 582360]",962e2a2d-9d42-e30c-6916-5c5e5dbc7f6b,[781693],0,,[231406],[2385],,,,,,,,,,,,,,,,,,,,,
267371,[118323],389482.0,1695114858,[2743929],1694736000,[1],"[9, 15]",Anime Sexy Girl Puzzle: Hentai Game History Adventure,[130],,[523575],"[1148358, 1148360, 1148361, 1148363]","[95340, 34024, 60044, 25646, 119156, 56967, 113201, 34269, 36553, 78550]",anime-sexy-girl-puzzle-hentai-game-history-adventure,Welcome to the anime girls puzzle game!,"[1, 40, 268435465, 268435471]",1747167345,https://www.igdb.com/games/anime-sexy-girl-puzzle-hentai-game-history-adventure,[769992],830be523-0d93-f9fd-2b4d-5a516eb56ee2,[801481],0,"[154051, 153293]",,,"[1, 40]",,,,,,,,,,,,,,,,,,,,
264584,[116523],331473.0,1693815599,"[2738705, 2738283]",1694736000,[1],[13],FarmCraft,[6],,[516229],"[1132960, 1132956, 1132964, 1132969, 1132972, 1132975, 1132976, 1132974]","[101573, 105264, 115738, 17613, 112754, 87485, 100794, 36346, 65827, 76340]",farmcraft,Roll up your sleeves and get to work and start building your farm now!,[268435469],1756998331,https://www.igdb.com/games/farmcraft,"[578736, 582068]",b992d3dc-a4df-de82-083b-5cf0b95cbf74,"[787960, 787963, 787967, 787972, 787957, 787961, 787964, 787966, 787973, 787974, 787958, 787965, 787969, 787959, 787962, 787968, 787971, 787970, 787975, 787976, 787977, 787978, 787979, 787980, 787981]",0,,[231291],,,,,,,,,,,,,,,,,,,,,,
267143,[118157],332769.0,1695019129,"[2743169, 2743173]",1694736000,[1],"[9, 13, 15]",Weedcraft Inc & Big Pharm Pharmacy Tycoon Bundle,"[49, 130]",,"[521412, 519208]","[1147291, 1147292, 1147290, 1147293, 1147294, 1147295, 1147296, 1147297]","[17613, 112754, 36346, 65827, 24620, 36269, 55590, 31515, 76340, 17130]",weedcraft-inc-and-big-pharm-pharmacy-tycoon-bundle,Make a better world with medicine in Weedcraft Inc and Big Pharma.,"[268435465, 268435469, 268435471]",1747221524,https://www.igdb.com/games/weedcraft-inc-and-big-pharm-pharmacy-tycoon-bundle,[784832],64609dab-6148-b449-7ecf-2eb17b4ba677,[808237],3,"[153033, 153034, 153032, 153037, 153036, 153035]",,,,,,,,,,,,,,,,,,,,,,,
271834,[120237],,1697175711,,1694736000,[2],"[10, 13, 14]",Sport & Fun: Swimming - Director's Cut,[130],,[526817],,"[116667, 118871, 117855, 120126, 116136, 89444, 107196, 44178, 27378, 116353]",sport-and-fun-swimming-directors-cut,,"[268435466, 268435469, 268435470]",1747194058,https://www.igdb.com/games/sport-and-fun-swimming-directors-cut,[775310],79388ba8-c21f-f033-3b27-1038f6c9ded7,,0,[156085],,,,233865.0,Director's Cut,,,,,,,,,,,,,,,,,,
260157,[113982],331463.0,1691334723,"[2729985, 2729334]",1694736000,[2],[32],Bellus Battle,[6],,[516459],"[1108638, 1108641, 1108644, 1108648, 1108651]","[113895, 105233, 111130, 32902, 119121, 40524, 96217, 106987, 37419, 28309]",bellus-battle,"Enter the world of Bellus, a world where cute animals run wild in a epic battle for glory. Blast your friends with Shotguns, Rail guns, Zeus lightning bolts, Bombs, Portal Guns, and much more. This is Bellus Battle. Be the last one standing!","[1, 268435488]",1760087288,https://www.igdb.com/games/bellus-battle,"[582336, 571159, 582337]",8885a68a-94d6-c7c2-07a2-365e5383416c,[745190],0,,,,[1],,,,,,,,,,,,,,,,,,,,
295703,[134400],,1712274854,,1694736000,,,For a Vast Future: Colour Palette 1,[130],,[580996],,,for-a-vast-future-colour-palette-1,,,1747165339,https://www.igdb.com/games/for-a-vast-future-colour-palette-1,[764082],85db1759-1133-6c22-be58-92a8463a0b85,,13,[172054],,,,,,144170.0,,,,,,,,,,,,,,,,,
264024,[116161],326896.0,1693380296,"[2737328, 2737229]",1694736000,[1],[31],Marcella Moon: Killer at the Cove,[6],,[704912],"[1129701, 1129706, 1129697, 1129708, 1129709, 1129711, 1129712, 1129713, 1129714]","[27725, 26223, 80916, 81275, 27092, 18011, 103266, 116530, 55984, 236]",marcella-moon-killer-at-the-cove,Play as amateur sleuth Marcella Moon to investigate a murder in a coastal California town.,"[43, 268435487, 536912961]",1760532904,https://www.igdb.com/games/marcella-moon-killer-at-the-cove,[577839],25dabd64-66b9-c195-d533-52969a69b74e,"[785423, 785424, 785425]",0,,,[42049],[43],,,,,,,,,[9665],,,,,,,,,,,
264743,[116675],327921.0,1693827759,"[2738876, 2738224]",1694736000,[1],"[10, 31, 32]",Bounce Trials,[161],,[586920],"[1134115, 1134117, 1134119, 1134121, 1134123, 1134124]","[111130, 55282, 29348, 87975, 96217, 13189, 106987, 27266, 26223, 28309]",bounce-trials,"Patience and timing are key Bounce Trials, where you are a perptually bouncing ball that bounces through levels to reach a goal. Your only influence over the ball is to move either left or right. Compete against the clock and earn Gold, Silver, and Bronze rewards based on your completion time.","[268435466, 268435487, 268435488]",1714070026,https://www.igdb.com/games/bounce-trials,"[578918, 578919]",85b65bf6-25a9-d30f-e4df-ec145f7d1aba,[788740],0,,,,,,,,,,,,,,,,,,,,,,,,
265412,[117124],328645.0,1694050161,[2739749],1694736000,[1],[31],Bancroft Academy,[6],,[614921],"[1137884, 1137885, 1137869, 1137876, 1137878, 1137880, 1137881, 1137882, 1137883]","[75900, 22425, 67166, 22426, 22472, 22422, 43130, 22423, 22469, 78389]",bancroft-academy,"""Bancroft Academy"" plunges you into the vibrant and unpredictable world of college life, with an enchanting twist. In this adult visual novel, every choice you make shapes the narrative, leading you down thrilling paths of romance, mystery, and magic.","[42, 268435487, 536871255, 536872873, 536873421, 536874498]",1720409057,https://www.igdb.com/games/bancroft-academy,"[579882, 579883]",34613431-7798-d020-66ce-a7c6adcaafef,"[791954, 791955]",0,,,"[343, 1961, 2509, 3586]",[42],,,,,,,,,,,,,,,,,,,,
199557,,260163.0,1651507895,[2434959],1694736000,[1],[31],Scarlet Maiden,[6],[4],"[521097, 521098]","[785189, 785191, 785196, 785187]","[75900, 43130, 77811, 28465, 22425, 75797, 22426, 43097, 51991, 67166]",scarlet-maiden,"Join Scarlet, the last remaining Maiden of the Sacred Flame, in her sinful quest to defeat the Prime Evil. Explore the randomly generated dungeons of the Underworld, learn new abilities, equip Scarlet with powerful equipment, and engage in lewd activities along the way.","[1, 42, 268435487, 536872873, 536874498]",1757038833,https://www.igdb.com/games/scarlet-maiden,[280124],9d5da595-3e8c-eabb-878f-8df796e8ab40,"[511832, 511833, 512083, 512084, 512085, 512086, 512087, 512082]",0,,"[200983, 200982]","[1961, 3586]","[1, 42]",,,,,,,,,,,,,,,,,,,,
264576,[116515],330078.0,1693815570,"[2738049, 2738688]",1694736000,[1],"[12, 15, 31]",The Princess's Dragon,[6],,[513246],"[1132930, 1132934, 1132938, 1132925, 1132927]","[25311, 27092, 35994, 96217, 28182, 106987, 28309, 113402, 103232, 115280]",the-princesss-dragon,Traverse the winding dungeon of the dragon as you attempt to reverse the curse that has been set upon you by the cursed sword.,"[1, 268435468, 268435471, 268435487]",1694832812,https://www.igdb.com/games/the-princesss-dragon,[578728],3892d49f-9824-37f3-4ed1-5d0f93080546,[787870],0,,[230606],,[1],,,,,,,,,,,,,,,,,,,,
268552,[118877],335766.0,1695692023,,1694736000,,[14],Captain Tsubasa: Rise of New Champions - Ultimate Edition,[130],,[519780],,"[116353, 113149, 116352, 113895, 100800, 116350, 118871, 121542, 116349, 15851]",captain-tsubasa-rise-of-new-champions-ultimate-edition,"The Ultimate Edition includes:
• Base Game
• Character Pass
• Character Mission Pass
• New Champions Uniform Set
• V Jump Accessories
• Shutetsu Uniform
• Tsubasa's Challenge Ball + Meiwa FC
• All-Japan Junior Youth Uniform
• Open Sky Uniform Set
• Hawk Uniform Set
• 2 goal performances","[1, 268435470]",1747169767,https://www.igdb.com/games/captain-tsubasa-rise-of-new-champions-ultimate-edition,[768477],c577f0be-8846-7dbb-88dc-786dd83ecbee,,0,[154022],,,[1],128769.0,Ultimate Edition,,,,,,,,,,,,,,,,,,
215608,[85226],241223.0,1662462135,"[2535872, 2534388]",1694736000,[1],[12],Mage Lords of Brams,[6],,"[704907, 704908]","[868750, 868754, 868756, 868753, 868759, 868758]","[25636, 57372, 111835, 113636, 54775, 96217, 106987, 28309, 115280, 81249]",mage-lords-of-brams,"Mage Lords of Brams is a ""bullet heaven""/""reverse bullet hell"" roguelite. Slaughter countless fantasy enemies with your powerful spells, powers and artifacts while gathering research scrolls to improve future runs inbetween levels. Thousands of race/class/item combinations allow for endless variety.","[1, 268435468]",1760258237,https://www.igdb.com/games/mage-lords-of-brams,"[308042, 502054]",4f6709c8-3564-53d7-d384-db41cd1b3110,[447666],0,,,,[1],,,,,,,,,,,,,,,,,,,,
260328,[114156],321849.0,1691339343,[2729343],1694736000,[1],"[12, 31, 32]",Maid Slaves & Golden Dungeon,[6],,[704909],[1137994],"[43097, 51991, 28465, 75900, 75797, 43130, 41895, 26163, 54815, 96217]",maid-slaves-and-golden-dungeon,A dungeon exploration RPG. Living a pure love life with a captured general. Go to the dungeon to earn money with the former general who now is my maid!,"[42, 268435468, 268435487, 268435488, 536872873, 536874498]",1754318650,https://www.igdb.com/games/maid-slaves-and-golden-dungeon,"[753664, 753665, 753666, 753667, 571373]",36316891-3439-1643-9ec3-6b645ff152d6,"[746068, 746069, 746070, 746071, 746072, 746073, 746066, 746067]",0,,,"[1961, 3586]",[42],,,,[179587],,,,[43007],,,,,,,,,,,,
267871,,332102.0,1695383480,[2744809],1694736000,[1],"[32, 35]",Rogue Cards,[6],,[518281],,"[19404, 96217, 106987, 40477, 19150, 113360, 116992, 88223, 77498, 36198]",rogue-cards,Roguelite deckbuilder with unique graveyard and monster mechanics set in a medieval randomized world,"[17, 268435488, 268435491, 536888204, 536909777]",1695390498,https://www.igdb.com/games/rogue-cards,[583858],9c4df79e-a68a-1509-6ae6-e46116fee5ea,,0,,,"[17292, 38865]",[17],,,,,,,[98390],,,,[24614],,,,,,,,,
265513,[117204],330069.0,1694066375,"[2740538, 2740124]",1694736000,[1],[32],Octopus Island,[6],,[513121],"[1138496, 1138497, 1138498, 1138499, 1138500, 1138501, 1138502]","[113895, 17350, 115850, 65827, 111043, 94741, 51591, 36269, 116582, 105233]",octopus-island,"'Octopus Island' is a leisure type game with the theme of ocean elements. The game simulates a pinball machine. The player controls the left and right baffles to hit the marbles out, so as not to let the marbles fall into the middle hole.",[268435488],1695278963,https://www.igdb.com/games/octopus-island,[580043],d119df36-b630-9b80-dfec-05acdded34ca,[792621],0,,,,,,,,,,,,,,,,4.0,4.0,,,,,,,
266337,[117697],337609.0,1694506656,,1694736000,,[9],Puzzle Games Bundle: 5 in 1 - vol.2,[130],,[519806],"[1143175, 1143176, 1143177, 1143178, 1143179]","[87056, 95776, 19222, 87507, 41349, 121509, 90839, 25905, 356524, 354132]",puzzle-games-bundle-5-in-1-vol-dot-2,Train your brain with this awesome puzzle bundle!,"[34, 268435465]",1759122858,https://www.igdb.com/games/puzzle-games-bundle-5-in-1-vol-dot-2,[784347],60e94560-39c8-730d-3725-ac26124ab50d,[796496],3,"[154041, 152411]",,,[34],,,,,,,,,,,,,,,,,,,,
267081,,,1695016377,[2742900],1694736000,"[1, 2]",[10],Nascar Arcade Rush: Project-X Pack,[6],,[687882],"[1146857, 1146850, 1146851, 1146852, 1146853, 1146854, 1146855, 1146856]","[80382, 109292, 55192, 104983, 27553, 107227, 102023, 44178, 27378, 372764]",nascar-arcade-rush-project-x-pack,"Nascar Arcade Rush Project-X Pack is the ultimate digital bonus content pack for the Nascar Arcade Rush game including the Project-X Hovercraft, car customizations, drivers suit and helmet, and more!",[268435466],1736219985,https://www.igdb.com/games/nascar-arcade-rush-project-x-pack,[582642],debdde20-068f-2d32-9339-35211be06da9,"[800423, 800426, 800417, 800418, 800420, 800421, 800424, 800425, 800416, 800419, 800422, 800427, 800428]",13,,,,,,,254849.0,,,,,,,,,,,,,,,,,
254048,[110461],434632.0,1687171347,"[2714468, 2715435]",1694736000,[1],[31],Kletba Vlčího Moru,[6],,[586921],"[1075982, 1075983, 1075984, 1075985, 1075986, 1075987, 1075988, 1075989, 1075992, 1075993, 1075981, 1075990, 1075991]","[115374, 87622, 55282, 111130, 87975, 34218, 374066, 373977, 373448, 371963]",kletba-vlciho-moru,This is an indie 2D hand-drawn platformer game which takes place in fantasy environment set in Czechia. You will embody a creature consumed by hatred and get revenge on your enemies in this short game.,[268435487],1760978390,https://www.igdb.com/games/kletba-vlciho-moru,[559663],3e4b10bf-73f4-93a1-fbef-80c06330d219,"[715254, 715255, 715256, 715257]",0,,,,,,,,,[13],,,,,,,,,,,,,,,
267078,,,1695016251,[2742951],1694736000,"[1, 2, 3]",[32],P.R.O.T.O.C.O.O.L.: Silver Pack,[6],,[687881],"[1146830, 1146829, 1146827, 1146828, 1146831]","[113895, 105233, 111130, 32902, 119121, 40524, 96217, 106987, 37419, 28309]",p-dot-r-o-dot-t-o-dot-c-o-dot-o-l-dot-silver-pack,"P.R.O.T.O.C.O.O.L. It is a multiplayer TPS game with fantastic and colorful graphics, developed by a small team. Fight across multiple game modes and ever-growing maps. Take to the Field, Fight and Survive!","[1, 268435488]",1736219922,https://www.igdb.com/games/p-dot-r-o-dot-t-o-dot-c-o-dot-o-l-dot-silver-pack,[582639],2ff132d3-5624-257c-71be-b052653e0448,"[800395, 800400, 800390, 800391, 800392, 800393, 800396, 800401, 800397, 800399, 800394, 800398, 800402]",13,,,,[1],,,267046.0,,,,,,,,,,,,,,,,,
262795,[115409],330063.0,1692878431,"[2735639, 2735043]",1694736000,[1],"[12, 31, 32]",MareQuest: An Interactive Tail,[6],,[513245],"[1122372, 1122373, 1122374, 1122375, 1122376]","[29348, 96217, 106987, 113402, 28309, 80916, 30245, 113360, 105269, 109339]",marequest-an-interactive-tail,A terrible darkness threatens a world of overwhelmingly adorable mares. Can a new cute mare with amnesia save the world or will she lose more than her memories along the way?,"[268435468, 268435487, 268435488]",1760504523,https://www.igdb.com/games/marequest-an-interactive-tail,"[575975, 575974, 580673, 580674]",fdfd2a5d-9419-9143-0d2c-345c16dbf1c5,"[774908, 774909]",0,,,,,,,,,,,[97559],,,,,,,,,,,,,
264551,[116484],330056.0,1693815061,"[2738742, 2738452]",1694736000,[1],[32],I Commissioned Some Cats 2,[6],,[513119],"[1132740, 1132741, 1132742, 1132743, 1132744]","[113895, 17350, 115850, 65827, 111043, 94741, 51591, 36269, 116582, 105233]",i-commissioned-some-cats-2,I paid artists to hide cats and wool in 15 pieces of artwork. Can you find them all? Warning: Relaxing.,[268435488],1759486462,https://www.igdb.com/games/i-commissioned-some-cats-2,"[578684, 580563]",2efe2016-6a1f-6e95-dabd-86c3ca605a84,[787781],0,,[230562],"[570, 1140, 4004, 44629]",,,,,,,,,,[8961],,,,,,,,,,,
264552,[116485],327714.0,1693815148,"[2738758, 2738309]",1694736000,[1],,Kakuro,[6],,[587654],"[1132745, 1132747, 1132749, 1132751, 1132752]",,kakuro--1,This is a pure Kakuro puzzle.,,1757681431,https://www.igdb.com/games/kakuro--1,[578685],734f1434-9086-5332-1289-3eb1d004898a,"[792144, 792136, 792137, 792138, 792139, 792140, 792141, 792142, 792143, 792145, 792146, 792147, 792148, 792149, 792150, 792151, 792152, 792153, 792154, 787782]",0,,,,,,,,,,,,,,,,,,,,,,,,
265511,[117202],330073.0,1694066346,"[2740537, 2740126]",1694736000,[1],[32],Runner Fruit Jumping,[6],,[513127],"[1138483, 1138484, 1138485, 1138486, 1138487, 1138488, 1138490]","[113895, 17350, 115850, 65827, 111043, 94741, 51591, 36269, 116582, 105233]",runner-fruit-jumping,'Runner Fruit Jumping' is a cartoon style leisure game. The small animals controlled by the player rotate on the fruit. You need to jump the small animals from one fruit to another.,[268435488],1695278963,https://www.igdb.com/games/runner-fruit-jumping,[580041],ccd4b86c-c9f5-8340-518e-5a3cb6aee436,[792619],0,,,,,,,,,,,,,,,,4.0,4.0,,,,,,,
258073,[112387],342429.0,1690297784,"[2724042, 2724171]",1694736000,"[1, 2, 3]","[8, 9, 31, 32]",Jelly & Toast,[6],[4],[534400],"[1095714, 1095717, 1095720, 1095724, 1095727]","[20342, 55173, 25646, 24426, 28070, 89597, 55190, 56033, 111130, 77529]",jelly-and-toast,"Jelly & Toast is a local co-op game where you control Jelly and Toast on an exciting quest for stolen magical ingredients. Throw your friends or boxes, beware of enemy cooks or kitchen hazards, and explore a world full of culinary challenges!","[1, 268435464, 268435465, 268435487, 268435488]",1761054504,https://www.igdb.com/games/jelly-and-toast,[567712],86daf1c7-a0d9-a7d0-983f-b0c2e7555dea,"[731369, 731370, 731371, 731372, 731373, 731374, 731375, 731376, 731377, 731378, 731379, 731380, 731381, 731382]",0,,[240140],,[1],,,,,,,,,,,,,,,,,,,,
264748,[116681],331485.0,1693827799,"[2738899, 2738453]",1694736000,[1],,Jet Up,[6],,[516447],"[1134152, 1134153, 1134155, 1134157, 1134159]",,jet-up,Jump with jetpack!. only you need to do is go up! the only thing you need is your skill!,,1760793447,https://www.igdb.com/games/jet-up,"[578925, 582316]",09501b21-a1a8-cc01-ac39-b285127d0b4c,[788756],0,,,,,,,,,,,,,,,,,,,,,,,,
264702,[116639],331466.0,1693825065,"[2738882, 2738423]",1694736000,"[1, 2]",,Circular Logic Games,[6],,[516457],"[1133816, 1133817, 1133819, 1133820, 1133818]",,circular-logic-games,"Chess, checkers, hexagon, other board games on round board, network or offline.",,1759756298,https://www.igdb.com/games/circular-logic-games,"[578870, 582332]",70c6414a-02cd-0f11-84a0-5edfa7ea7458,[788522],0,,,,,,,,,,,,,,,,,,,,,,,,
264724,[116658],327903.0,1693827504,"[2738929, 2737849]",1694736000,[1],[32],Delineation,"[6, 14]",,"[697756, 697757]","[1133962, 1133963, 1133964, 1133965, 1133966, 1133967, 1133968, 1133969, 1133970]","[113895, 17350, 115850, 65827, 111043, 94741, 51591, 36269, 116582, 105233]",delineation,The 3D dot-connecting puzzle game.,[268435488],1748219204,https://www.igdb.com/games/delineation,"[578897, 797921, 797922]",a4eeb8a6-abb1-4801-01b5-968c172665e8,[788626],0,,,,,,,,,,,,,,,,,,,,,,,,
260999,[114558],322758.0,1691628373,"[2730702, 2730840]",1694736000,[1],[32],Puzzle Valley,[6],,[704911],"[1113572, 1113560, 1113561, 1113562, 1113563, 1113564, 1113566, 1113570]","[113895, 17350, 115850, 65827, 111043, 94741, 51591, 36269, 116582, 105233]",puzzle-valley,Puzzle Valley is a puzzle game which is set in a small and peaceful world. The goal is to explore this world and discover new puzzles and some hints to solve them.,[268435488],1760705959,https://www.igdb.com/games/puzzle-valley,[572513],b216c83e-7471-4c67-9765-9261c8efc4e0,"[749007, 749008, 749009]",0,,,,,,,,,,,,,,,,,,,,,,,,
266826,,,1694762616,[2742711],1694736000,"[1, 2, 3]","[13, 31]",Icarus: Arcticus Outpost,[6],,[687880],"[1145565, 1145568, 1145566, 1145567]","[87622, 25311, 35994, 111130, 29348, 87975, 96217, 26574, 106987, 37419]",icarus-arcticus-outpost,"High in the mountains, on terraced cliffs or a large flat frozen lake give you a range of altitudes in which to build your perfect winter retreat.","[1, 268435469, 268435487]",1758424599,https://www.igdb.com/games/icarus-arcticus-outpost,"[841207, 841208, 841209, 841210, 582236]",a425f3a9-6d96-5086-3415-8c27d71636ed,"[799342, 799343, 799344, 799345, 799346, 799347, 799348, 799349, 799350, 799351, 799352, 799353, 799354, 799355, 799356, 799357, 799358, 799359, 799360]",1,,,,[1],,,134813.0,,,,,,,,,,,,,,,,,
253338,[109877],309083.0,1686877150,"[2713958, 2714434]",1694736000,[1],"[15, 31, 32]",Plasmatic,[6],,[645553],"[1071079, 1071080, 1071081, 1071082, 1071083, 1071084, 1071085, 1071086, 1071087, 1071088]","[113402, 79134, 109339, 113837, 65827, 25311, 35994, 111130, 28182, 36269]",plasmatic--1,Plasmatic is a virtual space in which our society has been closed with its own approval. We wake up from it unexpectedly. Our goal is to repair the main simulation core of Plasmatic. The continuation of life lived in it before will not be possible without the reparation…,"[268435471, 268435487, 268435488]",1761044343,https://www.igdb.com/games/plasmatic--1,[558611],ef2c1775-abc7-9860-a3e9-b2287555ddd5,"[710814, 710815, 710816, 710817, 710818, 710819, 710820, 710821, 710822, 710823, 710824, 710825, 710826]",0,,,,,,,,,,,,,,,,,,,,,,,,
236015,[99830],330082.0,1675858030,"[2668407, 3021271, 2665741]",1694736000,[1],"[5, 13, 31]",No Sun To Worship,"[6, 130]",,"[513128, 751743]","[982814, 982821, 982825, 982834, 982836, 982828]","[106805, 103302, 105269, 87622, 55038, 19164, 25311, 35994, 107318, 103301]",no-sun-to-worship--1,"Sneak into enemy bases, rescue hostages, hack computers and play your own way while you uncover a conspiracy to unearth unspeakable horrors. Stick to the shadows and stop an ancient curse in this mission-based stealth adventure!","[1, 268435461, 268435469, 268435487]",1760933527,https://www.igdb.com/games/no-sun-to-worship--1,"[828715, 828716, 828717, 807516, 755988, 527910, 580580]",5d23a896-eb58-1b8c-4f2b-02a37b9869f6,"[620581, 620582, 620583, 1282879, 1290479, 1290480, 1290484, 1290482, 1290483, 1290481]",0,"[213516, 210651]","[241006, 241007]",,[1],,,,[140440],,,"[101617, 101618]",,,,,,,,,,,,,
263056,[115592],325850.0,1692928397,"[2735741, 2735134]",1694736000,[1],"[10, 13, 32]",Redline Racing,[6],,[769671],"[1123947, 1123948, 1123949, 1123950, 1123952, 1123951]","[65827, 36269, 55590, 31515, 29348, 87975, 44178, 116582, 27378, 17130]",redline-racing,"High Pace, High Skill Time-trial Racing Game","[268435466, 268435469, 268435488]",1760787153,https://www.igdb.com/games/redline-racing,[576411],fbb1e6ef-b6a5-c622-46c2-b52ac34f5fd0,"[779757, 779758, 779759]",0,,,,,,,,,,,,,,,,4.0,4.0,,,,,,,
263756,[115922],329495.0,1693292504,"[2737034, 2736758]",1694736000,[1],"[15, 31, 32]",Symmodance,[6],,[514077],"[1127579, 1127581, 1127583, 1127584, 1127586, 1127587, 1127590]","[111130, 25311, 35994, 96217, 28182, 106987, 28309, 113895, 113402, 25646]",symmodance,"Dive into the symphonic chaos of geometric warfare! Unleash futuristic weaponry, customize your hovering platform, conquer relentless foes and dance to victory in this mesmerizing reverse bullet hell shooter.","[1, 268435471, 268435487, 268435488]",1758472144,https://www.igdb.com/games/symmodance,"[577463, 581326]",bdfbcfd2-6071-faf5-e1eb-c5a23e5f05e2,"[784011, 784012]",0,,,,[1],,,,,[13],,,,,,,,,,,,,,,
240822,"[103487, 124433]",330030.0,1678089626,"[2681360, 2681211]",1694736000,[1],"[31, 32]",Adventure Apple Robots,[6],[4],[511507],"[1009688, 1009690, 1009689, 1009691, 1009692, 1009693, 1009694, 1009695]","[55282, 111130, 87975, 29348, 13189, 96217, 27266, 26223, 118637, 106987]",adventure-apple-robots,"Help the hero to find out why his brother is always running away, explore this fantastic world and unlock new skills as he ventures.","[268435487, 268435488]",1760799835,https://www.igdb.com/games/adventure-apple-robots,[535889],cc7eb61a-19cc-ffb7-2724-7a0265b566dc,"[645054, 645055, 645056, 645057, 645058, 645059, 645060, 645061]",0,,[243573],,,,,,,,,,,,,,,,,,,,,,
149855,[17842],184867.0,1622035507,"[2058156, 2016498, 2524737]",1694736000,[1],"[12, 15]",Rogue Card,[6],,[513244],"[471377, 471388, 471400, 471403, 471405, 471407, 471409]","[25311, 27092, 35994, 25636, 57372, 28182, 95340, 19404, 54775, 34024]",rogue-card,"Rogue Card is a roguelike deck builder, where every run is unique and strategy matters. Set in a randomized fantasy world, where tactical decisions affect the outcome of your whole game.","[1, 268435468, 268435471]",1760367118,https://www.igdb.com/games/rogue-card,"[188607, 457542, 580672]",6353112b-1e46-517e-12cd-32e30d817f60,[273634],0,,,,[1],,,,,,,,,,,,,,,,,,,,
264598,[116538],331467.0,1693815767,"[2738730, 2738299]",1694736000,[1],"[12, 31]",Clanswoman,[6],,[516432],"[1133065, 1133068, 1133070, 1133073, 1133075, 1133077, 1133079, 1133081]","[29348, 96217, 106987, 113402, 28309, 115280, 28129, 103232, 81249, 103303]",clanswoman,It is a story about the adventure of two sisters who leave their quiet lives behind and embark on a journey of revenge due to some unfortunate events. Turn based adventure game.,"[268435468, 268435487]",1759750871,https://www.igdb.com/games/clanswoman,"[578752, 582313]",1036d981-52f4-be2d-fd45-46c775cd6ea8,"[788018, 788019, 788020]",0,,,,,,,,,,,,,,,,,,,,,,,,
209159,[80762],260750.0,1657704937,"[2518195, 2518187]",1694736000,"[2, 3]","[15, 31, 32]",Silent Seeker,[6],,[570765],"[834866, 834867, 834868, 834869, 834870]","[111130, 25311, 35994, 96217, 28182, 106987, 28309, 113895, 113402, 25646]",silent-seeker,"Silent Seeker is a ""Hide & Seek"" multiplayer game. Play in the clutches of the hunter to find the props hidden in the map! Or Play as a prop and hide from the hunter!","[1, 268435471, 268435487, 268435488]",1759994779,https://www.igdb.com/games/silent-seeker,"[844359, 844360, 296840, 497232]",db55e823-dc6d-9cbb-c9df-78a3054e7fa0,"[427663, 427664, 427665]",0,,,,[1],,,,[179092],,,,,,,,,,,,,,,,
258709,[113107],331472.0,1690368250,"[2726970, 2725017]",1694736000,[1],[32],Elon vs AI,[6],[3],[516394],"[1100539, 1100540, 1100541, 1100542, 1100543]","[113895, 17350, 115850, 65827, 111043, 94741, 51591, 36269, 116582, 105233]",elon-vs-ai,"Elon vs AI is a 3D arena shooter in which you have to play as a warrior on a large arena, shooting persistent robots, gaining experience, improving skills, buying new weapons and fighting different types of robots.",[268435488],1695188407,https://www.igdb.com/games/elon-vs-ai,"[568533, 582274]",144a8b2a-14bb-e872-93ec-90cd14d2cfdd,[737491],0,,,,,,,,,,,,,,,,,,,,,,,,
264581,[116521],327744.0,1693815583,"[2738254, 2738743, 2739146]",1694736000,[1],"[5, 12, 13, 32]",Sniper Hunter Shooter,[6],,[598702],"[1132970, 1132973, 1132959, 1132963, 1132967]","[105269, 25311, 35994, 107318, 96217, 29348, 106987, 37419, 26574, 47823]",sniper-hunter-shooter,"For game lovers seeking realism, Sniper Hunter Shooter is an experience not to be missed! Fight as a sniper in a post-apocalyptic world, create your strategy, and test your shooting skills.","[1, 23, 268435461, 268435468, 268435469, 268435488]",1761032147,https://www.igdb.com/games/sniper-hunter-shooter,"[742634, 578734]",bcc60bdb-bfc3-0820-0645-4f64669fe46f,"[787926, 787929, 787931, 787933, 787935, 787937, 787939, 787941, 787942, 787943, 787944, 787945, 787946, 787947, 787948, 787949, 787950, 787951, 787952, 787953, 787954, 787955, 787956]",0,"[151810, 151811, 151809, 151812]",,,"[1, 23]",,,,,,,,,,,,,,,,,,,,
264688,[116625],331481.0,1693824952,"[2738862, 2738482]",1694736000,[1],"[15, 31, 32]",Inhibit,[6],,[516392],"[1133716, 1133718, 1133719, 1133720, 1133721, 1133722, 1133723]","[111130, 25311, 35994, 96217, 28182, 106987, 28309, 113895, 113402, 25646]",inhibit,"""Inhibit"" is an exhilarating and highly challenging speed run platform game that will put your reflexes to the ultimate test. Each level is more demanding than the previous one, and the slightest mistake will determine the difference between victory and defeat.","[1, 268435471, 268435487, 268435488]",1758621842,https://www.igdb.com/games/inhibit,"[578856, 582270, 582271]",162c3cad-40e6-4aec-1e62-b07f2e26025c,"[788456, 788457, 788458]",0,,,,[1],,,,,,,,,,,,,,,,,,,,
266442,,,1694591397,[2741978],1694736000,[1],"[9, 13, 32]",Pixel Puzzles World War II Jigsaws: Pack - Battle of Peleliu,[6],,[687879],"[1143654, 1143655]","[65827, 36269, 55590, 31515, 29348, 87975, 116582, 17130, 27266, 18623]",pixel-puzzles-world-war-ii-jigsaws-pack-battle-of-peleliu,"Pixel Puzzles World War II, merging history with the definitive jigsaw puzzler on the PC platform.","[268435465, 268435469, 268435488]",1736219899,https://www.igdb.com/games/pixel-puzzles-world-war-ii-jigsaws-pack-battle-of-peleliu,"[581664, 582317]",43e314c8-2f03-80ad-02b5-9571102267c7,"[797025, 797026, 797027]",13,,,,,,,263779.0,,,,,,,,,,,,,,,,,
261555,[114741],331506.0,1692086629,"[2732123, 2731911]",1694736000,"[1, 2]",,Kombate Mexicano Elexiones,[6],,[516517],"[1116017, 1116021, 1116024, 1116027, 1116030]","[100800, 113895, 87622, 57296, 25636, 57372, 105233, 95340, 87728, 65672]",kombate-mexicano-elexiones,Kombate Mexicano Elexiones is a fighting game featuring digitized stereotyped character trying to win the presidency of Mexico.,[1],1760267157,https://www.igdb.com/games/kombate-mexicano-elexiones,"[573644, 573645, 582365, 582366]",d4ab216f-c6fc-a2c9-ccb4-0951cc6b45be,"[803443, 750508, 750509]",0,,,,[1],,,,,,,[98011],,,,,,,,,,,,,
265602,[117288],328812.0,1694069213,"[2740616, 2740004]",1694736000,[1],,Laruaville 5,[6],,[704914],"[1139149, 1139150, 1139151, 1139152, 1139153, 1139154, 1139155, 1139156]",,laruaville-5,Use your Match 3 skills to build a ship and help ghosts leave an uninhabited island!,,1760787448,https://www.igdb.com/games/laruaville-5,"[580147, 580146]",97de3e13-8d97-fc29-5831-f400b8a8fa16,"[793153, 793154]",0,,,[45596],,,,,,,,,,[6423],,,,,,,,,,,
260151,[113975],331479.0,1691334691,"[2729983, 2729342]",1694736000,[1],"[5, 15, 32, 33]",HexaWars,"[6, 130]",,"[516503, 519730]","[1108600, 1108601, 1108602, 1108597, 1108598, 1108599]","[43367, 95340, 25640, 32902, 113895, 119493, 36553, 105269, 19549, 25311]",hexawars,Retro twin stick shooter that gradually gets more difficult as you defeat more waves of enemies and Bosses.,"[1, 268435461, 268435471, 268435488, 268435489]",1759747924,https://www.igdb.com/games/hexawars,"[571149, 768370, 571150, 582359]",49587b9d-75e4-3286-2657-dd2db7f92f47,"[745166, 745167, 745168]",0,"[153988, 151676]",[231405],,[1],,,,,,,,,,,,,,,,,,,,
263547,[115811],330067.0,1693194285,"[2742889, 2742524]",1694736000,"[1, 2]","[10, 14, 33]",NASCAR Arcade Rush: Project-X Edition,"[169, 49, 130]",,"[517203, 517202, 515347]","[1126522, 1126524, 1126528, 1126532, 1126537, 1126540]","[27378, 116353, 120795, 114432, 87053, 116667, 113105, 118871, 15851, 90965]",nascar-arcade-rush-project-x-edition,NASCAR Arcade Rush Project-X Edition is the ultimate NASCAR arcade experience for fans young and old by combining the full game with the thrill of all the Project-X digital content available.,"[268435466, 268435470, 268435489]",1747222186,https://www.igdb.com/games/nascar-arcade-rush-project-x-edition,[785191],e03fd17e-b935-aaff-3cc6-28565fabfc0c,"[801127, 801128, 801129, 801130, 801131, 801132, 801133, 783170, 783171, 783172, 783173, 783174, 783175]",0,"[151045, 153273, 153274, 153275, 153276, 153277]",,,,254849.0,Project-X Edition,,,,,,,,,,,,,,,,,,
186480,[62254],246644.0,1641570834,"[2217682, 2220313]",1694736000,[1],"[12, 32]",Alder Forge,[6],,"[516527, 516528]","[706302, 706303, 706304, 706305, 706306, 706307, 706308, 706309, 706310, 706311, 706312, 706313, 706314, 706315, 706316, 706317, 706318, 706319, 706320, 706321]","[17350, 19404, 29348, 96217, 106987, 35450, 113402, 28309, 80916, 56036]",alder-forge,"Play as the Five Members of the Fourth Squadron and battle your foes using the game Adaptive Turn-Based Combat System, shape your own path in a story-driven game with a handcrafted world and unique characters.","[268435468, 268435488]",1761049656,https://www.igdb.com/games/alder-forge,"[795266, 795267, 255899, 255900, 480775]",cc8c47c0-0a7b-63ab-2984-5877760147f0,"[345896, 345897]",0,,[231420],,,,,,[190384],,,,,,,,,,,,,,,,
264775,[116706],327954.0,1693828712,"[2738949, 2738220]",1694736000,[1],[32],Mow VR: Challenge Your Limits,[163],,[704913],"[1134399, 1134400, 1134401, 1134402, 1134403, 1134404]","[113895, 105233, 111130, 32902, 119121, 40524, 96217, 106987, 37419, 28309]",mow-vr-challenge-your-limits,"Mow VR is a wave-based simple shooting game. This is designed to be easily enjoyed by new VR users and light gamers. No need to reload, just keep on defeating the oncoming enemies. It's so exhilarating. Defeat the enemies, earn stars, unlock weapons, and challenge your limits!","[1, 268435488]",1760786736,https://www.igdb.com/games/mow-vr-challenge-your-limits,[578958],81239058-68c6-c61e-5c6f-dcf67a29bcaa,"[788942, 788943, 788944, 788945, 788947, 788948, 788949, 788950, 788951, 788952, 788953, 788954, 788955, 788956, 788957, 788946]",0,,,,[1],,,,,,,,,,,,,,,,,,,,
295709,[134406],,1712274860,,1694736000,,,For a Vast Future: Colour Palette 2,[130],,[581001],,,for-a-vast-future-colour-palette-2,,,1747160042,https://www.igdb.com/games/for-a-vast-future-colour-palette-2,[764620],13879dce-72ba-6d41-7adc-a7a4a83ea25c,,13,[172060],,,,,,144170.0,,,,,,,,,,,,,,,,,
267599,,341018.0,1695302113,"[2747821, 2747857, 2748057, 2754249, 2754138, 2751776, 2748641, 2748801, 2748610, 2855489, 2748618]",1694736000,"[1, 2, 3]","[25, 32, 33]",Teenage Mutant Ninja Turtles: Shredder's Revenge - Anniversary Edition,"[48, 167, 49, 130]",[4],"[685162, 685163, 685164, 685165]","[1444312, 1444310, 1444311]","[113895, 43367, 105269, 25311, 107318, 115283, 111130, 28070, 56033, 96217]",teenage-mutant-ninja-turtles-shredders-revenge-anniversary-edition,"This edition includes:
- Sprite Sticker Sheet
- Art Booklet
- Pizza Hut Personal Pan Pizza Coupon
- Dimension Shellshock DLC","[1, 18, 268435481, 268435488, 268435489]",1759829162,https://www.igdb.com/games/teenage-mutant-ninja-turtles-shredders-revenge-anniversary-edition,,f09349ba-08d0-3009-a300-56fb7713c841,,3,,"[301233, 301234]",,"[1, 18]",144465.0,Anniversary Edition,,,,"With Bebop and Rocksteady amassing gizmos to support Krang and Shredder’s latest scheme, Teenage Mutant Ninja Turtles: Shredder’s Revenge finds the turtles battling through a breathless tour of iconic TMNT locations to thwart their nemeses’ most diabolical plan yet. Armed with shell-shocking new abilities built on a foundation of classic brawling mechanics, the gang are in for an exhilarating, Foot Clan-stomping romp leading them through the sewers and bustling boroughs of New York City all the way to Dimension X.",,,,1.0,,,,,[77],,,,,
260263,[114089],321784.0,1691337082,"[2729546, 2730083]",1694736000,[1],"[12, 31]",Sunbeam,[14],,[614074],"[1109407, 1109411, 1109414, 1109417, 1109418, 1109421, 1109424]","[29348, 96217, 106987, 113402, 28309, 115280, 28129, 103232, 81249, 103303]",sunbeam,"A garden-themed 2D RPG which tackles the struggle of problem-solving in an uncomfortable and unknown place. Solve and explore your way across this dark landscape to uncover the truth behind your visit, meeting a familiar face to keep you compay.","[268435468, 268435487]",1720163599,https://www.igdb.com/games/sunbeam,[571302],28dd78e5-aead-78da-47d3-0c04d5278590,"[745746, 745747]",0,,,,,,,,,,,,,,,,,,,,,,,,
265944,[165431],329382.0,1694321020,"[2741331, 3005270]",1694736000,[1],"[2, 13, 33]",Click For Cash: Cashed Out,[6],[5],[513483],"[1140809, 1140810, 1140811, 1140812]","[27378, 38967, 112078, 51528, 90965, 101573, 213069, 171226, 17613, 36346]",click-for-cash-cashed-out,"it's time to click till you're filthy rich... again!

Welcome to Click For Cash: Cashed Out, the best idle clicker game about yellow buttons since the original Click For Cash! This sequel is filled to the brim with new features, customization, and polish. In this game you click a button for cash (real original, I know), purchase a variety of upgrades to get more money, and unlock achievements to become the richest person in the universe! at least in the game...","[268435458, 268435469, 268435489, 536872984, 536887915]",1756979078,https://www.igdb.com/games/click-for-cash-cashed-out,"[580798, 580799]",df0edd33-ca5b-49c0-4d63-ef60d11f48e4,[795033],0,,[230718],"[2072, 17003]",,,,,[140298],[340],,[97639],,[8951],,,,,,,,,,,
288705,[164962],364961.0,1709154962,"[3011328, 2892565]",1694736000,[1],"[5, 8]",Ratchet & Clank: Premature Release,[6],"[1, 2, 4]",[568642],"[1250536, 1250535]","[57187, 78770, 105269, 55038, 68286, 107318, 103301, 113362, 12539, 10212]",ratchet-and-clank-premature-release--1,A vertical slice of an unofficial and unfinished PS2 era-styled Ratchet and Clank fangame that will likely never reach completion.,"[18, 268435461, 268435464, 536895036]",1756993378,https://www.igdb.com/games/ratchet-and-clank-premature-release--1,"[618013, 618014, 618015]",46d1e87d-2486-e302-a7f6-6da7efbc163a,"[915533, 915532]",0,,[255746],[24124],[18],,,,,[439],Ratchet and Clank are hired to investigate a water farm on Pokitaru.,[108046],,,,,,,,,,,,,
267147,[118161],335767.0,1695020186,"[2743349, 2743795]",1694736000,[1],"[10, 13, 14]",Car Parking Simulator 2024,[130],,[519829],"[1147315, 1147316, 1147317, 1147320, 1147318, 1147319]","[118871, 47161, 116667, 114285, 120126, 103218, 117855, 107196, 120487, 116136]",car-parking-simulator-2024,"Get ready to test your precision and skill behind the wheel in the most immersive parking simulator yet - Car Parking Simulator 2024! Dive into a world where every inch matters, and every corner poses a new challenge.","[1, 268435466, 268435469, 268435470]",1747279167,https://www.igdb.com/games/car-parking-simulator-2024,[785200],70c6e354-395c-1cab-1c88-a68e796d4342,[800918],0,"[154057, 153068, 153049]",,,[1],,,,,,,,,,,,,,[343524],,,,,,
265453,,330061.0,1694063336,[2740285],1694736000,[1],[13],Japanese Rural Life Adventure,"[39, 14]",[3],"[666669, 666670]","[1421158, 1421159, 1421160, 1421161, 1421162, 1421163]","[101573, 17613, 105264, 112754, 36346, 65827, 87485, 24620, 36269, 55590]",japanese-rural-life-adventure,"Experience countryside living in Japanese Rural Life Adventure. ""View the cherry blossoms in the spring, attend the festival in the summer, eat roasted sweet potatoes in the fall, hear the temple bell ring in winter, and then it's time for the first shrine visit of the New Year.""","[268435469, 536874095, 536920272]",1752909566,https://www.igdb.com/games/japanese-rural-life-adventure,"[579970, 579969, 579968]",79c2b8ea-1963-cd66-cb53-b9153d96aae2,"[792262, 1118914, 1118915, 1118916, 1118917, 1118918, 1118919, 1118920, 1118921, 1118922, 1118923, 1118924, 1118925, 1118926]",0,,[295875],"[3183, 49360]",,,,,,,,,[29818],,,,,,,,,,,,
264617,[116556],332789.0,1693816265,"[2738772, 2738459]",1694736000,"[1, 2]","[13, 14, 32]",Simple Snooker,[6],"[1, 7]",[516424],"[1133197, 1133198, 1133199, 1133200, 1133201]","[65827, 36269, 55590, 31515, 29348, 87975, 116582, 17130, 18623, 37419]",simple-snooker,"This is a two-player Snooker game, that runs on computer desktop or virtual reality device.","[268435469, 268435470, 268435488]",1758625832,https://www.igdb.com/games/simple-snooker,"[578772, 582309]",d3681dbb-98c1-8593-0cb9-3dba43d6d923,"[788063, 788064, 788065, 788066]",0,,,,,,,,,,,,,,,,,,,,,,,,
264569,[116508],331562.0,1693815552,"[2738672, 2738264]",1694736000,[1],"[10, 32]",Posthaste,[6],,[516492],"[1132864, 1132868, 1132872, 1132876, 1132878, 1132880]","[80382, 109292, 113895, 367478, 366421, 364153, 358437, 354661, 351471, 349376]",posthaste,An arcade rally game.,"[268435466, 268435488]",1760106553,https://www.igdb.com/games/posthaste,"[808586, 578721, 582355]",c7c16f46-c01b-4952-217d-6838429b6be4,[787857],0,,,,,,,,[185374],,,,,,,,,,,,,,,,
268560,[118884],337652.0,1695692187,[2867803],1694736000,[1],"[9, 13, 15]",Hentai Girls: Premium Edition,[130],,[532338],,"[17613, 112754, 36346, 65827, 24620, 36269, 55590, 31515, 17130, 18623]",hentai-girls-premium-edition,"In this bundle, you will have lots of fun with Yui and Etsuko - two of the girls from the main game.","[40, 268435465, 268435469, 268435471]",1747170751,https://www.igdb.com/games/hentai-girls-premium-edition,[769127],fb9bcec7-2569-6640-6f71-57bea81148be,,0,[154029],,,[40],251548.0,Premium Edition,,,,,,,,,,,,,,,,,,
235070,[98372],287645.0,1675701645,"[2662671, 2662674]",1694736000,[1],"[13, 31, 32]",Paranormal VHS,[6],[1],[522880],"[976287, 976288, 976289, 976290, 976286]","[111130, 55282, 29348, 13189, 87975, 27266, 25646, 25222, 79134, 109339]",paranormal-vhs,Paranormal VHS is a horror game that features a VHS tape-inspired aesthetic. The game's story revolves around a popular vlogger who spends a night in haunted locations in search of paranormal activity.,"[19, 268435469, 268435487, 268435488, 536874931, 536915541]",1758447479,https://www.igdb.com/games/paranormal-vhs,"[586474, 525615, 531103, 687102, 531102]",76118961-0836-71df-6c62-84f0c9498108,"[521883, 521884, 521885, 789342, 789343, 789344, 789345, 789346, 789347, 789348, 789349, 789350, 789351, 789352, 789353, 789354, 789355, 789356, 789357, 789358]",0,,[233532],"[4019, 44629]",[19],,,,,[982],"James is a vlogger of the channel Paranormal VHS, where he spends a night in some horrifying and abandoned locations where terrible events have happened. His equipment is just a VHS camera that allows him to record any paranormal activity.

His next vlog is to spend a night in the Crimson Hill Hospital that were rumours horrifying experiments were made on their patients and due to some recent mysterious events, the building is now abandoned and considered haunted.",[130977],,,,[22250],,,,,,,,,
241765,[104241],327002.0,1678855232,"[2684314, 2686460]",1694736000,[1],"[5, 8, 31, 32]",Project: Artificial Legacy Saga,"[6, 14]",[4],"[509571, 509572]","[1013350, 1013351, 1013352, 1013353, 1013354, 1013355]","[28070, 55038, 105269, 96217, 107318, 106987, 24426, 47823, 19164, 113360]",project-artificial-legacy-saga,"Embark on journey through the ""Project: Artificial Legacy Saga"" a four-part series, crafted to feel as if it was released across four console generations. Follow Kirana on her heroic journey, as she protects her family and her homeland from a mysterious evil force.","[1, 17, 18, 268435461, 268435464, 268435487, 268435488, 536871038]",1756993377,https://www.igdb.com/games/project-artificial-legacy-saga,"[537740, 537736, 537737, 537738, 537739, 537735]",58c6bc2f-b06a-b113-1b49-2c18bcd24ef2,[650989],0,,[207452],[126],"[1, 17, 18]",,,,,[439],"1000 years ago, humans were severed from their connection to the world's magic. Today Dr. Asher has created a device that will once again allow humans to re-tap into it. Code-named Project: Artificial Legacy, the device will allow its user access to different powers when combined with one of four crystals. But Evil forces from an unknown land have found out about the doctor's discovery and have kidnapped him. It’s now up to his young daughter Kirana to use his prototype device and fight her way through an underground labyrinth to rescued him.

Jump, Push objects out of your way, stop lavafalls, and create blocks out of thin air, all while avoiding dangerous creatures as you travel deep underground searching for the 4 keys that will unlock your path to rescue your father. Along the way find the 3 missing crystals to unlock the full potential of the device and send them back enemies back to the world they came from, In this NES style action game.","[99310, 99311, 99312]",,[8671],,,4.0,4.0,,,,,,,
222515,,355450.0,1666291722,,1694736000,"[1, 2]",[8],New Super Mario World 1: The Twelve Magic Orbs - Powered-Up,[19],[4],"[521878, 522629]","[1157341, 1157342, 1157343, 1157344]","[172687, 57187, 202255, 20342, 55173, 24426, 28070, 55190, 56033, 120184]",new-super-mario-world-1-the-twelve-magic-orbs-powered-up,A remake of New Super Mario World 1: The Twelve Magic Orbs which aims to polish the original hack by improving the level design and giving more replay value.,"[1, 268435464, 536872916, 536873467, 536887608]",1757172359,https://www.igdb.com/games/new-super-mario-world-1-the-twelve-magic-orbs-powered-up,[318852],c7aaf908-87f9-1058-6e0a-acd127b91108,[808787],5,,[282329],"[2004, 2555, 16696]",[1],,,1070.0,"[141441, 141442]",,Bowser has stolen the 12 magic orbs from Peach's castle! Mario must put his courage to test and face all sorts of minions in his way. Collect coins and power-ups and save the Mushroom Kingdom!,[76732],,[7009],,[21112],,,,,,,,,
192975,[69681],263021.0,1646382795,"[2272948, 2970036, 2242975]",1694736000,"[1, 2, 3]","[12, 13, 31, 32]",The Backrooms: Survival,"[6, 167, 130]",[1],"[516524, 516525, 630547, 677051, 677052]","[747703, 747705, 747684, 747681, 747688, 747692, 747695, 747698, 747699, 747701, 747702, 747704, 747706]","[26574, 109339, 25311, 111130, 35994, 96217, 29348, 106987, 26658, 89562]",the-backrooms-survival,"The Backrooms: Survival mixes survival horror with roguelike elements. Explore randomly generated levels with different items and entities while trying to maintain your thirst, hunger, and sanity.","[1, 19, 21, 268435468, 268435469, 268435487, 268435488, 536873092]",1760507161,https://www.igdb.com/games/the-backrooms-survival,"[770266, 770269, 267807, 485506, 665040, 582372]",d8f19732-69a7-8d64-adc0-d5332afc4c24,"[372466, 372467, 372468]",0,"[194812, 185125, 185191]",[299645],[2180],"[1, 19, 21]",,,,,,,,,,,,,,,,,,,,
267084,,,1695016429,[2742843],1694736000,[1],"[31, 32]",Quantum Tripper: Math,"[3, 6, 14]",,"[693854, 693852, 693853]","[1146876, 1146877]","[111130, 96217, 113895, 106987, 28309, 25646, 87622, 80916, 68271, 30245]",quantum-tripper-math,"Purchasing this DLC enables the Math map to be fully playable.
When computational advancements render human sapience obsolete.","[1, 268435487, 268435488]",1737615303,https://www.igdb.com/games/quantum-tripper-math,"[582645, 582646]",54156727-b17c-a23b-4c1b-62d59f02a46f,"[800432, 800433, 800434, 800435, 800436, 800437, 800438, 800439]",1,,,,[1],,,202619.0,,,,,,,,,,,,,,,,,
266058,[117521],337628.0,1694414908,"[2741480, 2745323, 2745264]",1694736000,,"[9, 33]",Princess Bubble Story,[130],,[532299],"[1141438, 1141439, 1141440, 1141441, 1141442, 1141443]","[25905, 90788, 56033, 119207, 60044, 25646, 87728, 43367, 87170, 96452]",princess-bubble-story,Bubble puzzler full of magic!,"[1, 40, 268435465, 268435489]",1760840125,https://www.igdb.com/games/princess-bubble-story,[759930],974e9240-f051-8f7d-9d73-34c859075614,[795539],0,"[154093, 153839, 152253]",,,"[1, 40]",,,,,,,,"[30168, 30189]",,,,,,"[280596, 350850, 342474]",,,,,,
221164,[89591],396898.0,1665341586,"[2718705, 2610442, 2974031, 2896372, 2610142, 2971627]",1694736000,"[1, 2, 3]","[8, 9, 31, 32, 33]",Boti: Byteland Overclocked,"[169, 48, 6, 167, 49, 130]",[2],"[503397, 679065, 679066, 679067, 679068, 679069]","[1114138, 1114139, 1114140, 1114137, 1114141, 1114143, 1114142, 1114144, 1114145, 1114146]","[28070, 56033, 20342, 24426, 55173, 55190, 110503, 89597, 25646, 25311]",boti-byteland-overclocked,"Jump, Dash, Collect! Play solo and with your friends and loved ones! Explore this cute 3D platformer where you play as Boti, a brave and adorable data bot. Join Boti on an adventure to save the cyber-world of Byteland from bugs and viruses!","[1, 18, 268435464, 268435465, 268435487, 268435488, 268435489, 536871162, 536871487, 536872116, 536910113]",1760681426,https://www.igdb.com/games/boti-byteland-overclocked,"[528777, 786762, 786763, 786765, 562500, 562501, 572864, 572865, 317032, 562503, 562502, 674584]",f0d03622-7ac6-d701-15d0-ad05e4a38342,"[298231, 298232, 298233, 298234, 298235, 298237, 298236, 298238, 298239, 298240, 298241, 298242, 298243, 298246, 298245, 298247, 298244, 777128, 777129, 721134, 855672, 1089413, 1165245]",0,"[145084, 145087, 145085, 145086, 196692, 201245, 201244, 201246]","[300157, 300158]","[250, 575, 1204, 39201]","[1, 18]",,,,[154907],[982],"Dive into Byteland as Boti, a brave and adorable data bot that sets out to save the cyber-landscape from bugs and viruses! Explore the secrets of this robot-run world together with your two floating companions, One & Zero. You can even invite a friend or family member for some co-op fun!",[95841],,,1.0,[22284],,,,,,,,,"[327814, 285112, 274591]"
