id,country,name,slug,start_date,parent,fecha_inicio,año_inicio
26,392,Square Enix,square-enix,1049155200.0,,2003-04-01,2003
29,840,Rockstar Games,rockstar-games,912470400.0,139.0,1998-12-01,1998
37,392,Capcom,capcom,296870400.0,,1979-05-30,1979
38,124,Ubisoft Montreal,ubisoft-montreal,859852800.0,104.0,1997-04-01,1997
50,840,WB Games,wb-games,757296000.0,1633.0,1993-12-31,1993
51,840,Blizzard Entertainment,blizzard-entertainment,765072000.0,179.0,1994-03-31,1994
70,392,Nintendo,nintendo,-2533161600.0,,1889-09-23,1889
82,840,Atari,atari,70848000.0,34855.0,1972-03-31,1972
110,250,Focus Entertainment,focus-entertainment,851990400.0,,1996-12-31,1996
139,840,Take-Two Interactive,take-two-interactive,757296000.0,,1993-12-31,1993
1,840,Electronic Arts,electronic-arts,391392000.0,,1982-05-28,1982
73,840,Aspyr Media,aspyr-media,828230400.0,42782.0,1996-03-31,1996
78,,Snowblind Studios,snowblind-studios,,,,
104,250,Ubisoft Entertainment,ubisoft-entertainment,512352000.0,,1986-03-28,1986
112,392,Sega,sega,1585699200.0,2211.0,2020-04-01,2020
129,392,Konami,konami,-24710400.0,,1969-03-21,1969
251,392,SUNSOFT,sunsoft,276048000.0,,1978-10-01,1978
290,208,IO Interactive,io-interactive,905904000.0,,1998-09-16,1998
331,528,Triumph Studios,triumph-studios,883526400.0,517.0,1997-12-31,1997
517,752,Paradox Interactive,paradox-interactive,915062400.0,,1998-12-31,1998
17,124,Digital Extremes,digital-extremes,757296000.0,,1993-12-31,1993
116,203,Bohemia Interactive Studio,bohemia-interactive-studio,938649600.0,,1999-09-30,1999
152,840,MicroProse,microprose,1577750400.0,,2019-12-31,2019
404,250,Cyanide Studio,cyanide-studio,978220800.0,24760.0,2000-12-31,2000
486,826,Sports Interactive,sports-interactive,774748800.0,112.0,1994-07-21,1994
858,392,Koei Tecmo Games,koei-tecmo-games,1270080000.0,8482.0,2010-04-01,2010
954,152,ACE Team,ace-team,1041292800.0,,2002-12-31,2002
955,124,Blue Isle Studios,blue-isle-studios,1293753600.0,,2010-12-31,2010
1031,826,Core Design,core-design--2,579484800.0,,1988-05-13,1988
1097,250,Shiro Games,shiro-games,1356912000.0,8623.0,2012-12-31,2012
345,,Think & Feel,think-feel,,,,
363,410,GRAVITY,gravity,,,,
537,752,Massive Entertainment,massive-entertainment,883526400.0,104.0,1997-12-31,1997
766,840,Retro Studios,retro-studios,915062400.0,773.0,1998-12-31,1998
1221,392,Artdink,artdink,514425600.0,,1986-04-21,1986
1443,203,SCS Software,scs-software,859766400.0,,1997-03-31,1997
1901,,Reef Entertainment,reef-entertainment,,,,
2066,,Nova Games,nova-games,,,,
2237,,SideQuest Studios,sidequest-studios,,,,
2262,840,NIS America,nis-america,1072224000.0,1405.0,2003-12-24,2003
8,840,2K Games,2k-games,1106611200.0,139.0,2005-01-25,2005
58,752,Mojang Studios,mojang-studios,1241136000.0,17966.0,2009-05-01,2009
61,250,Gameloft,gameloft,945129600.0,,1999-12-14,1999
66,840,Activision,activision,307584000.0,179.0,1979-10-01,1979
71,840,Raven Software,raven-software,662601600.0,66.0,1990-12-31,1990
126,840,Bethesda Game Studios,bethesda-game-studios,1009756800.0,16565.0,2001-12-31,2001
148,840,Gearbox Software,gearbox-software,919123200.0,42845.0,1999-02-16,1999
175,100,Haemimont Games,haemimont-games,873072000.0,517.0,1997-09-01,1997
196,124,Relic Entertainment,relic-entertainment,883526400.0,2211.0,1997-12-31,1997
233,124,Piranha Games,piranha-games,978220800.0,,2000-12-31,2000
47,840,Obsidian Entertainment,obsidian-entertainment,1072828800.0,17966.0,2003-12-31,2003
94,752,EA Digital Illusions CE,ea-digital-illusions-ce,1167523200.0,1.0,2006-12-31,2006
191,392,Imagineer,imagineer,507168000.0,,1986-01-27,1986
347,826,Criterion Games,criterion-games,820454400.0,1.0,1996-01-01,1996
449,,D3 Publisher,d3-publisher,,5222.0,,
571,276,Out Of The Park Developments,out-of-the-park-developments,,,,
716,840,Natsume Inc.,natsume-inc,820368000.0,,1995-12-31,1995
800,392,Jupiter Corporation,jupiter-corporation,708220800.0,,1992-06-11,1992
830,392,Sega AM2,sega-am2,662601600.0,112.0,1990-12-31,1990
915,840,Crate Entertainment,crate-entertainment,1230681600.0,,2008-12-31,2008
41,840,Riot Games,riot-games,1156982400.0,3595.0,2006-08-31,2006
85,840,Double Fine Productions,double-fine-productions,962409600.0,17966.0,2000-07-01,2000
208,826,Frontier Developments,frontier-developments,757382400.0,,1994-01-01,1994
224,840,3D Realms,3d-realms,567907200.0,946.0,1987-12-31,1987
284,840,Maxis,maxis,536457600.0,1.0,1987-01-01,1987
398,156,Ubisoft Shanghai,ubisoft-shanghai,851990400.0,104.0,1996-12-31,1996
421,392,Nintendo EAD,nintendo-ead,631065600.0,70.0,1989-12-31,1989
454,124,EA Sports,ea-sports,694137600.0,1.0,1991-12-31,1991
610,840,Monster Games,monster-games,851990400.0,,1996-12-31,1996
645,826,Firefly Studios,firefly-studios,946598400.0,,1999-12-31,1999
108,616,Techland,techland,694137600.0,,1991-12-31,1991
256,410,NCSOFT,ncsoft,883526400.0,,1997-12-31,1997
318,826,Rebellion Developments,rebellion-developments,723427200.0,,1992-12-04,1992
366,840,Epyx,epyx,441676800.0,,1983-12-31,1983
385,36,Krome Studios,krome-studios,946598400.0,,1999-12-31,1999
583,124,Ironclad Games,ironclad-games,,,,
711,840,Psyonix,psyonix,978220800.0,17463.0,2000-12-31,2000
780,276,Digitalmindsoft,digitalmindsoft,1167523200.0,,2006-12-31,2006
928,840,Supergiant Games,supergiant-games,1262217600.0,,2009-12-31,2009
1260,124,Behaviour Interactive,behaviour-interactive,883526400.0,,1997-12-31,1997
79,250,Magic Pockets,magic-pockets,978220800.0,,2000-12-31,2000
146,124,Strategy First,strategy-first,662601600.0,,1990-12-31,1990
439,826,Sumo Digital,sumo-digital,1072828800.0,44203.0,2003-12-31,2003
694,840,Visual Concepts,visual-concepts,578448000.0,1975.0,1988-05-01,1988
762,392,HAL Laboratory,hal-laboratory,319939200.0,70.0,1980-02-21,1980
790,196,Wargaming.net,wargaming-net,915062400.0,,1998-12-31,1998
953,752,Arrowhead Game Studios,arrowhead-game-studios,1230681600.0,,2008-12-31,2008
1242,752,MachineGames,machinegames,1262217600.0,245.0,2009-12-31,2009
1452,826,Imagine Software,imagine-software,410140800.0,,1982-12-31,1982
1641,826,Hello Games,hello-games,1230681600.0,,2008-12-31,2008
184,840,id Software,id-software,665366400.0,245.0,1991-02-01,1991
453,348,Zen Studios,zen-studios,978220800.0,42782.0,2000-12-31,2000
474,840,Liquid Entertainment,liquid-entertainment,917827200.0,,1999-02-01,1999
482,826,Revolution Software,revolution-software,638150400.0,,1990-03-23,1990
555,840,EA Orlando,ea-orlando,788832000.0,1.0,1994-12-31,1994
563,840,Rainbow Studios,rainbow-studios,536371200.0,10075.0,1986-12-31,1986
1228,840,The Behemoth,the-behemoth,1041379200.0,,2003-01-01,2003
2779,840,GameLab,gamelab,978220800.0,,2000-12-31,2000
3582,,Activision Publishing,activision-publishing,,179.0,,
4593,392,Sonic Powered,sonic-powered,891388800.0,,1998-04-01,1998
161,392,Konami Digital Entertainment,konami-digital-entertainment,1143676800.0,129.0,2006-03-30,2006
241,840,989 Studios,989-studios,891388800.0,907.0,1998-04-01,1998
396,392,Dimps,dimps,952300800.0,,2000-03-06,2000
617,392,Bandai,bandai,-615168000.0,,1950-07-05,1950
709,616,Teyon,teyon,1167523200.0,,2006-12-31,2006
1380,124,Red Barrels,red-barrels,1325289600.0,,2011-12-31,2011
1980,,ITL,itl,,,,
2116,,SKONEC,skonec,,,,
2121,840,Iron Galaxy Studios,iron-galaxy-studios,1218758400.0,,2008-08-15,2008
2401,392,HuneX,hunex,725760000.0,,1992-12-31,1992
3,840,Looking Glass Studios,looking-glass-studios,638841600.0,,1990-03-31,1990
21,840,Irrational Games,irrational-games,883526400.0,139.0,1997-12-31,1997
170,392,Kojima Productions,kojima-productions,1112313600.0,,2005-04-01,2005
305,246,Remedy Entertainment,remedy-entertainment,820368000.0,,1995-12-31,1995
401,840,Naughty Dog,naughty-dog,473299200.0,10100.0,1984-12-31,1984
458,578,Funcom,funcom,757296000.0,,1993-12-31,1993
578,826,Gremlin Interactive,gremlin-interactive,778896000.0,3212.0,1994-09-07,1994
818,392,Atlus,atlus,513216000.0,112.0,1986-04-07,1986
843,840,Harmonix Music Systems,harmonix-music-systems,788918400.0,,1995-01-01,1995
912,156,Snail Games,snail-games,,,,
4,826,Eidos Interactive,eidos-interactive,833500800.0,,1996-05-31,1996
25,840,Ion Storm,ion-storm,848016000.0,,1996-11-15,1996
39,250,Ubisoft Annecy,ubisoft-annecy,851990400.0,104.0,1996-12-31,1996
115,826,Codemasters,codemasters,504921600.0,1.0,1986-01-01,1986
144,203,GSC Game World,gsc-game-world,817257600.0,,1995-11-25,1995
169,724,MercurySteam,mercurysteam,1041292800.0,,2002-12-31,2002
280,752,Starbreeze Studios,starbreeze-studios,1041292800.0,,2002-12-31,2002
303,392,Jaleco,jaleco,149990400.0,18710.0,1974-10-03,1974
313,392,Success Corporation,success-corporation,266025600.0,,1978-06-07,1978
326,840,Cyan Worlds,cyan-worlds,567907200.0,,1987-12-31,1987
48,840,NetherRealm Studios,netherrealm-studios,1293753600.0,50.0,2010-12-31,2010
53,840,Microsoft Game Studios,microsoft-game-studios,1009843200.0,128.0,2002-01-01,2002
163,826,Climax Studios,climax-studios,1230681600.0,3248.0,2008-12-31,2008
567,,Mind Control,mind-control,,,,
961,124,BattleGoat Studios,battlegoat-studios,,,,
1021,840,WayForward Technologies,wayforward-technologies,662601600.0,,1990-12-31,1990
1022,840,Turn 10 Studios,turn-10-studios,1009756800.0,17966.0,2001-12-31,2001
1151,392,Game Arts,game-arts,478569600.0,2016.0,1985-03-02,1985
1371,,General Arcade,general-arcade,,,,
2272,,HandMade Games,handmade-games,,,,
213,250,Infogrames,infogrames,424483200.0,,1983-06-15,1983
260,,Argonaut Games,argonaut-games,,,,
414,191,Croteam,croteam,757296000.0,,1993-12-31,1993
437,752,Avalanche Studios,avalanche-studios,1046476800.0,45681.0,2003-03-01,2003
862,392,Tamsoft,tamsoft,709516800.0,,1992-06-26,1992
1440,392,Taito Corporation,taito-corporation,-505008000.0,26.0,1953-12-31,1953
1445,276,Rainbow Arts,rainbow-arts,473299200.0,,1984-12-31,1984
1612,752,Pan Vision,pan-vision,1009756800.0,,2001-12-31,2001
1613,840,Incognito Entertainment,incognito-entertainment,925516800.0,45.0,1999-05-01,1999
1640,840,"Discord Games, Inc.",discord-games-inc,1312156800.0,8623.0,2011-08-01,2011
128,840,Microsoft,microsoft,165801600.0,,1975-04-04,1975
334,,Sony Computer Entertainment Europe,sony-computer-entertainment-europe,,,,
365,826,Rockstar North,rockstar-north,1041292800.0,29.0,2002-12-31,2002
426,840,Disney Interactive Studios,disney-interactive-studios,1199059200.0,95.0,2007-12-31,2007
427,246,Bugbear Entertainment,bugbear-entertainment,951868800.0,10075.0,2000-03-01,2000
696,124,HB Studios,hb-studios,,,,
774,616,QLOC,qloc,1262217600.0,8623.0,2009-12-31,2009
822,702,Ubisoft Singapore,ubisoft-singapore,1214870400.0,104.0,2008-07-01,2008
891,36,Halfbrick Studios,halfbrick-studios,1009756800.0,,2001-12-31,2001
893,616,The Farm 51,the-farm-51,,,,
95,840,Disney Interactive,disney-interactive,599529600.0,13016.0,1988-12-31,1988
131,840,Robot Entertainment,robot-entertainment,1262217600.0,,2009-12-31,2009
321,392,Tose,tose,310262400.0,,1979-11-01,1979
530,643,Eagle Dynamics,eagle-dynamics,694137600.0,,1991-12-31,1991
966,642,KillHouse Games,killhouse-games,1356912000.0,,2012-12-31,2012
1010,,Microsoft Studios,microsoft-studios,1325289600.0,128.0,2011-12-31,2011
1659,203,Keen Software House,keen-software-house,1293753600.0,,2010-12-31,2010
2463,246,Secret Exit,secret-exit,,,,
2490,,Kunos Simulazioni,kunos-simulazioni,,,,
2614,840,Arcen Games,arcen-games,1262217600.0,,2009-12-31,2009
23,826,Feral Interactive,feral-interactive,851990400.0,,1996-12-31,1996
164,826,Rocksteady Studios,rocksteady-studios,1104451200.0,50.0,2004-12-31,2004
1207,,Level Infinity,level-infinity,,,,
1460,250,Plug In Digital,plug-in-digital,1356912000.0,,2012-12-31,2012
1752,392,Athena,athena,549504000.0,,1987-06-01,1987
2236,124,Freebird Games,freebird-games,,,,
2406,840,"Atari, Inc.",atari-inc,1052352000.0,12036.0,2003-05-08,2003
3114,840,GameHouse,gamehouse,915062400.0,21674.0,1998-12-31,1998
3158,,Knuckle Cracker,knuckle-cracker,,,,
3592,208,The LEGO Group,the-lego-group,,,,
56,840,Valve,valve,840844800.0,,1996-08-24,1996
594,250,Microïds,microids--1,504835200.0,,1985-12-31,1985
689,702,Garena,garena,1262217600.0,,2009-12-31,2009
918,840,Fullbright,fullbright,1488326400.0,,2017-03-01,2017
922,840,Paramount Pictures,paramount-pictures,-1819324800.0,5642.0,1912-05-08,1912
999,752,Coffee Stain Studios,coffee-stain-studios,1287619200.0,42782.0,2010-10-21,2010
1368,36,Impromptu Games,impromptu-games,,,,
1951,124,Silicon Knights,silicon-knights,725760000.0,,1992-12-31,1992
1963,392,G.rev,g-rev,,,,
2084,36,Wicked Witch Software,wicked-witch-software,1009756800.0,,2001-12-31,2001
2,124,BioWare,bioware,791596800.0,1.0,1995-02-01,1995
283,840,The Sims Studio,the-sims-studio,1167523200.0,1.0,2006-12-31,2006
291,528,Nixxes Software,nixxes-software,933465600.0,10100.0,1999-08-01,1999
400,392,SCE Japan Studio,sce-japan-studio,757296000.0,13634.0,1993-12-31,1993
748,826,Double Eleven,double-eleven,1293753600.0,,2010-12-31,2010
847,124,Ubisoft Toronto,ubisoft-toronto,1293753600.0,104.0,2010-12-31,2010
1118,124,Torn Banner Studios,torn-banner-studios,,,,
1243,348,NeocoreGames,neocoregames,1135987200.0,,2005-12-31,2005
1365,,Lucas Pope,lucas-pope,,,,
1744,,Human Entertainment,human-entertainment,,,,
405,250,Spiders,spiders,1230681600.0,,2008-12-31,2008
432,124,Beenox,beenox,978220800.0,66.0,2000-12-31,2000
434,840,High Moon Studios,high-moon-studios,1009756800.0,66.0,2001-12-31,2001
438,840,Infinity Ward,infinity-ward,1041292800.0,,2002-12-31,2002
659,840,Sledgehammer Games,sledgehammer-games,1238457600.0,66.0,2009-03-31,2009
739,392,Grezzo,grezzo,1164931200.0,,2006-12-01,2006
795,826,Ninja Theory,ninja-theory,1072915200.0,17966.0,2004-01-01,2004
897,,Ubisoft Red Storm,ubisoft-red-storm,,,,
1093,392,Chunsoft,chunsoft,473299200.0,,1984-12-31,1984
1274,392,Epoch,epoch,-368323200.0,,1958-05-01,1958
67,840,Petroglyph Games,petroglyph-games,1049155200.0,,2003-04-01,2003
255,840,ArenaNet,arenanet,978220800.0,256.0,2000-12-31,2000
1220,392,Crafts & Meister,crafts-meister,1086048000.0,8623.0,2004-06-01,2004
1532,840,Hopoo Games,hopoo-games,1356912000.0,,2012-12-31,2012
1663,826,Suspicious Developments,suspicious-developments,1356912000.0,,2012-12-31,2012
1864,840,High Impact Games,high-impact-games,1104451200.0,,2004-12-31,2004
2449,840,Stoic,stoic,1356912000.0,,2012-12-31,2012
2917,840,JumpButton Studio,jumpbutton-studio,1433116800.0,,2015-06-01,2015
2991,,Artificial Studios,artificial-studios,,,,
3207,578,Red Thread Games,red-thread-games,1346457600.0,,2012-09-01,2012
187,840,"Nerve Software, LLC",nerve-software-llc,1009756800.0,,2001-12-31,2001
261,250,Quantic Dream,quantic-dream,883526400.0,5501.0,1997-12-31,1997
294,840,Telltale Games,telltale-games,1086048000.0,,2004-06-01,2004
492,840,Atomic Games,atomic-games,631065600.0,132.0,1989-12-31,1989
613,840,2D Boy,2d-boy,,,,
722,840,343 Industries,343-industries,1183248000.0,17966.0,2007-07-01,2007
1179,840,Imangi Studios,imangi-studios,,,,
1715,826,Facepunch Studios,facepunch-studios,,,,
1798,392,SystemSoft,systemsoft,,,,
2015,392,Whoopee Camp,whoopee-camp,883526400.0,,1997-12-31,1997
150,840,Hidden Path Entertainment,hidden-path-entertainment,1136073600.0,,2006-01-01,2006
197,840,THQ,thq,599616000.0,,1989-01-01,1989
419,392,Project Aces,project-aces,,22721.0,,
1069,392,"SIMS Co., Ltd",sims-co-ltd,676684800.0,,1991-06-12,1991
1349,,Artificial Intelligence Design,artificial-intelligence-design,,,,
1531,826,22Cans,22cans,1329696000.0,,2012-02-20,2012
1666,826,Sega Europe,sega-europe,681004800.0,112.0,1991-08-01,1991
1869,,GOGAME,gogame,,,,
2177,724,Erbe Software,erbe-software,473299200.0,,1984-12-31,1984
2423,,SoMoGa,somoga,,,,
63,840,Pandemic Studios,pandemic-studios,915062400.0,1.0,1998-12-31,1998
249,276,Crytek,crytek,936144000.0,,1999-09-01,1999
431,840,Ready At Dawn,ready-at-dawn,1072828800.0,11586.0,2003-12-31,2003
457,250,Eugen Systems,eugen-systems,,,,
476,840,Matrix Games,matrix-games,946598400.0,8871.0,1999-12-31,1999
494,840,Battlefront.com,battlefront-com,883526400.0,,1997-12-31,1997
572,56,Appeal Studios,appeal-studios,820368000.0,10075.0,1995-12-31,1995
727,840,Oddworld Inhabitants,oddworld-inhabitants,788832000.0,,1994-12-31,1994
749,826,SCE Cambridge Studio,sce-cambridge-studio,867974400.0,2291.0,1997-07-04,1997
851,840,ZeniMax Online Studios,zenimax-online-studios,1199059200.0,245.0,2007-12-31,2007
111,826,The Creative Assembly,the-creative-assembly,556243200.0,112.0,1987-08-18,1987
397,250,Darkworks,darkworks,884217600.0,,1998-01-08,1998
828,392,Alfa System,alfa-system,,,,
942,,Graviteam,graviteam,,,,
1061,,Distractionware,distractionware,,,,
1095,392,Genius Sonority,genius-sonority,1022889600.0,,2002-06-01,2002
1109,752,Stunlock Studios,stunlock-studios,1293753600.0,,2010-12-31,2010
1414,,Nexon Co. Ltd.,nexon-co-ltd,,,,
1493,840,Crescent Moon Games,crescent-moon-games,1262217600.0,,2009-12-31,2009
1897,276,Ubisoft Berlin,ubisoft-berlin,1524700800.0,19099.0,2018-04-26,2018
113,840,Westwood Studios,westwood-studios,504835200.0,1.0,1985-12-31,1985
245,840,ZeniMax Media,zenimax-media,925516800.0,17966.0,1999-05-01,1999
510,56,Larian Studios,larian-studios,851990400.0,,1996-12-31,1996
864,392,Hudson Soft,hudson-soft,106531200.0,161.0,1973-05-18,1973
1025,392,Good-Feel,good-feel,1123027200.0,,2005-08-03,2005
1060,392,Vanillaware,vanillaware,1013126400.0,,2002-02-08,2002
2063,392,Arzest,arzest,1277424000.0,,2010-06-25,2010
2073,392,Toaplan,toaplan,291772800.0,,1979-04-01,1979
2191,,Funbox Media,funbox-media,,,,
2205,124,Big Blue Bubble,big-blue-bubble,,,,
57,124,Certain Affinity,certain-affinity,,,,
754,,Legacy Interactive,legacy-interactive,,,,
768,840,Nintendo Software Technology,nintendo-software-technology,915062400.0,2850.0,1998-12-31,1998
856,840,Unknown Worlds Entertainment,unknown-worlds-entertainment,1009756800.0,41542.0,2001-12-31,2001
906,702,Nabi Studios,nabi-studios,,,,
2154,276,Keen Games,keen-games,1116460800.0,,2005-05-19,2005
2407,,Apple Inc,apple-inc,,,,
2702,,Cyclone Zero,cyclone-zero,,,,
3108,,Endnight Games Ltd,endnight-games-ltd,,,,
3115,410,Bluehole Studio,bluehole-studio,1199059200.0,18506.0,2007-12-31,2007
5,840,Interplay Entertainment,interplay-entertainment,441676800.0,,1983-12-31,1983
322,392,Matrix Software,matrix-software,770428800.0,,1994-06-01,1994
680,840,Pipeworks Software,pipeworks-software,941414400.0,,1999-11-01,1999
1127,36,Infinite Interactive,infinite-interactive,,,,
1399,724,Novarama,novarama,1072828800.0,,2003-12-31,2003
1486,840,Strategic Simulations,strategic-simulations,315446400.0,,1979-12-31,1979
1660,,Dejobaan Games,dejobaan-games,,,,
1890,458,Nimbus Games,nimbus-games,1460937600.0,,2016-04-18,2016
2096,,Lightstorm Entertainment,lightstorm-entertainment,,,,
2499,840,Hi-Rez Studios,hi-rez-studios,,,,
468,124,Meridian4,meridian4,1104451200.0,,2004-12-31,2004
741,840,Toys for Bob,toys-for-bob,631065600.0,66.0,1989-12-31,1989
810,840,Iguana Entertainment,iguana-entertainment,694137600.0,,1991-12-31,1991
943,246,Colossal Order,colossal-order,1451606400.0,,2016-01-01,2016
1113,724,Tequila Works,tequila-works,1262217600.0,,2009-12-31,2009
1309,840,Avalanche Software,avalanche-software,812505600.0,50.0,1995-10-01,1995
1434,124,Alientrap Games Inc,alientrap-games-inc,1041292800.0,,2002-12-31,2002
1772,392,Marvelous AQL,marvelous-aql,1317427200.0,,2011-10-01,2011
1939,,Daewon Media,daewon-media,,,,
2081,124,Iron Tower Studio,iron-tower-studio,1104451200.0,8623.0,2004-12-31,2004
179,840,Activision Blizzard,activision-blizzard,1230681600.0,128.0,2008-12-31,2008
467,826,Digital Integration,digital-integration,410140800.0,9318.0,1982-12-31,1982
731,276,bitComposer Games,bitcomposer-games,1235865600.0,,2009-03-01,2009
1419,840,Harebrained Schemes,harebrained-schemes,1325289600.0,517.0,2011-12-31,2011
1433,840,Undead Labs,undead-labs,1262217600.0,17966.0,2009-12-31,2009
1552,276,Astragon,astragon,915062400.0,16437.0,1998-12-31,1998
1664,124,Doublespeak Games,doublespeak-games,,,,
1904,528,Team6 Game Studios,team6-game-studios,1009756800.0,,2001-12-31,2001
2197,840,Empty Clip Studios,empty-clip-studios,1181779200.0,,2007-06-14,2007
2277,276,Animation Arts,animation-arts,,,,
188,840,Apogee Software,apogee-software,567907200.0,,1987-12-31,1987
746,826,Media Molecule,media-molecule,1136332800.0,2289.0,2006-01-04,2006
805,124,Other Ocean Interactive,other-ocean-interactive,1167523200.0,21314.0,2006-12-31,2006
1062,250,Ivory Tower,ivory-tower,1199059200.0,7041.0,2007-12-31,2007
1921,,Shonen Jump,shonen-jump,,,,
2102,,Zoo Games,zoo-games,,,,
2992,643,Buka Entertainment,buka-entertainment,,157.0,,
3189,,"A Sharp, LLC",a-sharp-llc,,,,
3191,578,Rain Games,rain-games,,,,
3909,392,Nigoro,nigoro,1173830400.0,3912.0,2007-03-14,2007
10,840,LucasArts,lucasarts,662601600.0,13016.0,1990-12-31,1990
69,,Big Ape Productions,big-ape-productions,,,,
229,840,Sega of America,sega-of-america,510796800.0,112.0,1986-03-10,1986
279,826,4J Studios,4j-studios,1135987200.0,,2005-12-31,2005
1396,203,Amanita Design,amanita-design,1072828800.0,,2003-12-31,2003
1398,124,Capybara Games,capybara-games,1072828800.0,,2003-12-31,2003
1630,840,Nvidia,nvidia,733968000.0,,1993-04-05,1993
1653,528,Vlambeer,vlambeer,1283299200.0,,2010-09-01,2010
1836,124,Throwback Entertainment,throwback-entertainment,1167523200.0,,2006-12-31,2006
2145,392,Tango Gameworks,tango-gameworks,1267401600.0,41542.0,2010-03-01,2010
19,250,Arkane Studios,arkane-studios,938736000.0,245.0,1999-10-01,1999
36,752,Frictional Games,frictional-games,1167523200.0,,2006-12-31,2006
665,,Williams Entertainment,williams-entertainment,,,,
726,840,SCE Bend Studio,sce-bend-studio,757296000.0,,1993-12-31,1993
883,,8ing,8ing,,,,
937,124,WB Games Montréal,wb-games-montreal,1293753600.0,50.0,2010-12-31,2010
1510,,Colossal Order Ltd.,colossal-order-ltd,,,,
1642,724,Bit Managers,bit-managers,725760000.0,2112.0,1992-12-31,1992
2243,840,Hitcents,hitcents,915408000.0,,1999-01-04,1999
2255,826,Chillingo,chillingo,,28050.0,,
451,840,Terminal Reality,terminal-reality,780969600.0,,1994-10-01,1994
660,392,Capcom Production Studio 1,capcom-production-studio-1,946598400.0,37.0,1999-12-31,1999
902,276,Yager Development,yager-development,928195200.0,,1999-06-01,1999
940,752,Paradox Arctic,paradox-arctic,,517.0,,
1210,826,Gremlin Graphics,gremlin-graphics,473299200.0,,1984-12-31,1984
1759,392,Vanpool,vanpool,946598400.0,,1999-12-31,1999
2140,,Pepper Games,pepper-games,,,,
2478,36,Surprise Attack Games,surprise-attack-games,1374019200.0,,2013-07-17,2013
4191,,O-TWO Inc.,o-two-inc,,,,
4715,36,epiphany games,epiphany-games,,,,
348,826,Exient Entertainment,exient-entertainment,,,,
420,616,Flying Wild Hog,flying-wild-hog,1238544000.0,42785.0,2009-04-01,2009
603,840,Humongous Entertainment,humongous-entertainment,720403200.0,2039.0,1992-10-30,1992
826,392,Namco Tales Studio,namco-tales-studio,1047254400.0,6330.0,2003-03-10,2003
905,752,Overkill Software,overkill-software,1262217600.0,280.0,2009-12-31,2009
1056,276,Piranha Bytes,piranha-bytes,852076800.0,10075.0,1997-01-01,1997
1224,826,Introversion Software,introversion-software,1009756800.0,,2001-12-31,2001
1397,124,Superbrothers A/V Inc,superbrothers-a-slash-v-inc,1072828800.0,,2003-12-31,2003
1740,840,Parker Brothers,parker-brothers,-2713996800.0,9794.0,1883-12-31,1883
1767,392,Victor Interactive Software,victor-interactive-software,844128000.0,1771.0,1996-10-01,1996
93,392,Square Enix 1st Production Department,square-enix-1st-production-department,1283299200.0,26.0,2010-09-01,2010
1030,840,Bluepoint Games,bluepoint-games,1167523200.0,10100.0,2006-12-31,2006
1128,840,1st Playable Productions,1st-playable-productions,1112313600.0,,2005-04-01,2005
1271,826,Ocean Software,ocean-software,441763200.0,213.0,1984-01-01,1984
1987,,Genuine Games,genuine-games,,,,
2206,392,Shade,shade,,,,
2361,840,Seismic,seismic,,,,
2932,826,Ghostlight Ltd.,ghostlight-ltd,1104451200.0,,2004-12-31,2004
2950,276,Synetic,synetic,820454400.0,,1996-01-01,1996
3251,,TAKE OFF,take-off,,,,
68,840,Ensemble Studios,ensemble-studios,820368000.0,128.0,1995-12-31,1995
669,826,Spiral House,spiral-house,883612800.0,,1998-01-01,1998
836,392,Kadokawa Games,kadokawa-games,1238544000.0,7707.0,2009-04-01,2009
1922,392,Racjin,racjin,798076800.0,,1995-04-17,1995
1983,392,tri-Ace,tri-ace,795312000.0,,1995-03-16,1995
2024,840,Eidetic,eidetic,757296000.0,,1993-12-31,1993
2286,156,Original Force,original-force,946598400.0,,1999-12-31,1999
2752,,ScriptArts,scriptarts,,,,
2940,,BeeWorks,beeworks,,,,
3689,826,Roll7,roll7,1230681600.0,14035.0,2008-12-31,2008
264,,HanbitSoft,hanbitsoft,,,,
710,840,Mastiff,mastiff,,,,
1216,,Pyramid,pyramid,,,,
1463,276,Black Forest Games,black-forest-games,1356912000.0,10075.0,2012-12-31,2012
2399,,Redline Games,redline-games,,,,
2412,826,Toxic Games,toxic-games,,,,
2416,380,Raylight Games,raylight-games,,,,
2428,392,5pb.,5pb,1112745600.0,,2005-04-06,2005
2496,,BlueLine Game Studios,blueline-game-studios,,,,
2519,,Sears,sears,,,,
12,840,Black Isle Studios,black-isle-studios,828230400.0,5.0,1996-03-31,1996
183,840,Hasbro Interactive,hasbro-interactive,818380800.0,9794.0,1995-12-08,1995
287,840,Acclaim Entertainment,acclaim-entertainment,567907200.0,,1987-12-31,1987
299,124,Hellbent Games,hellbent-games,,,,
690,36,Torus Games,torus-games,788832000.0,,1994-12-31,1994
938,250,Coktel Vision,coktel-vision,504835200.0,489.0,1985-12-31,1985
1054,124,Next Level Games,next-level-games,1033430400.0,70.0,2002-10-01,2002
1438,,Office Create,office-create,,,,
2175,392,Artoon,artoon,935712000.0,2213.0,1999-08-27,1999
2363,,Technopop,technopop,,,,
27,124,Eidos Montréal,eidos-montreal,1175212800.0,71229.0,2007-03-30,2007
55,840,Turtle Rock Studios,turtle-rock-studios,1014940800.0,,2002-03-01,2002
865,392,Will,will,574992000.0,,1988-03-22,1988
1362,840,N-Fusion Interactive,n-fusion-interactive,,,,
1639,124,Cellar Door Games,cellar-door-games,,,,
4063,250,Limasse Five,limasse-five,,,,
4078,,Experis,experis,,,,
4713,246,Frogmind,frogmind,,,,
5307,203,Alda Games,alda-games,1388448000.0,,2013-12-31,2013
6373,,Gala Lab Corp.,gala-lab-corp,,,,
75,276,Factor 5,factor-5,567907200.0,,1987-12-31,1987
225,840,Lobotomy Software,lobotomy-software,757296000.0,667.0,1993-12-31,1993
335,392,Square Product Development Division 3,square-product-development-division-3,851990400.0,250.0,1996-12-31,1996
606,840,DreamForge Intertainment,dreamforge-intertainment,757296000.0,,1993-12-31,1993
1806,392,Bemani,bemani,883526400.0,129.0,1997-12-31,1997
1975,840,2K Sports,2k-sports,1106611200.0,8.0,2005-01-25,2005
2418,840,Renovation Products,renovation-products,,827.0,,
2452,840,Big Fish Studios,big-fish-studios,1041292800.0,2245.0,2002-12-31,2002
2482,643,Lesta Studio,lesta-studio,693360000.0,790.0,1991-12-22,1991
2730,,Anchor Inc,anchor-inc,,,,
1307,,Nick Games,nick-games,,,,
2209,392,Prope,prope,,,,
3055,,Felistella,felistella,,,,
3352,,Plaid Hat Games,plaid-hat-games,,,,
3712,826,Slitherine Software UK Ltd.,slitherine-software-uk-ltd,962668800.0,8871.0,2000-07-04,2000
4016,840,Minor Key Games,minor-key-games,,,,
4725,826,Alternative Software,alternative-software,504835200.0,,1985-12-31,1985
5676,208,Logic Artists,logic-artists,1325289600.0,,2011-12-31,2011
7621,,Cloud 9 Studio,cloud-9-studio,,,,
7789,826,SockMonkey Studios,sockmonkey-studios,,,,
327,840,Midway Games,midway-games,-347241600.0,,1958-12-31,1958
797,392,"h.a.n.d., Inc.",h-dot-a-n-dot-d-inc,899251200.0,,1998-07-01,1998
827,,Telenet Japan,telenet-japan,,,,
898,504,Ubisoft Casablanca,ubisoft-casablanca,891388800.0,104.0,1998-04-01,1998
1050,826,Mode 7,mode-7,1135987200.0,,2005-12-31,2005
1100,392,NDCube,ndcube,951868800.0,70.0,2000-03-01,2000
1178,,John Romero,john-romero,,,,
1294,,Gaelco,gaelco,,,,
1568,392,Ancient,ancient,638928000.0,,1990-04-01,1990
1714,826,The Bitmap Brothers,the-bitmap-brothers,567907200.0,,1987-12-31,1987
277,124,EA Canada,ea-canada,410313600.0,1.0,1983-01-02,1983
340,826,Empire Interactive,empire-interactive,567907200.0,,1987-12-31,1987
393,840,inXile Entertainment,inxile-entertainment,1029196800.0,17966.0,2002-08-13,2002
728,826,Just Add Water (Development) Ltd,just-add-water-development-ltd--1,1167523200.0,,2006-12-31,2006
782,392,Marvelous Entertainment,marvelous-entertainment,867196800.0,,1997-06-25,1997
921,752,Might and Delight,might-and-delight,1271376000.0,,2010-04-16,2010
963,124,Kerberos Productions,kerberos-productions,,,,
1166,,Softdisk Publishing,softdisk-publishing,,,,
1610,578,Innerloop Studios,innerloop-studios,,,,
1765,620,Nerd Monkeys,nerd-monkeys,,,,
72,840,Vicarious Visions,vicarious-visions,662601600.0,66.0,1990-12-31,1990
176,724,FX Interactive,fx-interactive,946598400.0,,1999-12-31,1999
293,826,TT Games,tt-games,1135987200.0,50.0,2005-12-31,2005
1102,392,"Mobile & Game Studio, Inc.",mobile-game-studio-inc,,13867.0,,
1964,,ESP Software,esp-software,,,,
2219,752,Zoink,zoink,1009756800.0,16337.0,2001-12-31,2001
3162,840,Night Dive Studios,night-dive-studios,1356912000.0,,2012-12-31,2012
3301,,Atari Europe,atari-europe,,12036.0,,
3668,826,Twilight,twilight,631065600.0,,1989-12-31,1989
3879,752,Collecting Smiles,collecting-smiles,,,,
1366,392,Nintendo EAD Software Development Group No.3,nintendo-ead-software-development-group-no-dot-3,1064880000.0,421.0,2003-09-30,2003
1490,,Phoenix,phoenix,,,,
1883,840,Vector Unit,vector-unit,1199059200.0,,2007-12-31,2007
2340,826,Codemasters Birmingham,codemasters-birmingham,1225497600.0,115.0,2008-11-01,2008
2379,392,Pony Canyon,pony-canyon,-102643200.0,3707.0,1966-10-01,1966
2497,840,Wolfire Games,wolfire-games,1072828800.0,,2003-12-31,2003
2884,208,Gears for Breakfast,gears-for-breakfast,1377993600.0,,2013-09-01,2013
2976,840,Autumn Games,autumn-games,1199059200.0,,2007-12-31,2007
3023,826,Virtual Programming,virtual-programming,978220800.0,,2000-12-31,2000
4994,,ArtCraft Entertainment,artcraft-entertainment,,,,
314,804,4A Games,4a-games,1135987200.0,946.0,2005-12-31,2005
356,826,Slightly Mad Studios,slightly-mad-studios,1262217600.0,115.0,2009-12-31,2009
1023,,Wizards of the Coast LLC,wizards-of-the-coast-llc,,,,
2309,,Ntreev Soft,ntreev-soft,,256.0,,
2389,124,Digital Leisure,digital-leisure,870393600.0,,1997-08-01,1997
2723,250,Streum On Studio,streum-on-studio,1184544000.0,110.0,2007-07-16,2007
2756,,Sony Pictures Television,sony-pictures-television,,,,
3188,840,Wormwood Studios,wormwood-studios,1293753600.0,,2010-12-31,2010
3923,392,Studio Pixel,studio-pixel,978220800.0,,2000-12-31,2000
4614,826,Tikipod,tikipod,1262217600.0,,2009-12-31,2009
216,840,Glu Mobile,glu-mobile,1009756800.0,28050.0,2001-12-31,2001
648,246,Mountain Sheep,mountain-sheep,,,,
916,,Cryptic Studios,cryptic-studios,,,,
917,840,Perfect World Entertainment,perfect-world-entertainment,1212278400.0,42782.0,2008-06-01,2008
1135,,KID,kid,,,,
1293,,Team Dakota,team-dakota,,,,
1395,124,Minmax Games,minmax-games,,,,
2619,208,Tactile Entertainment,tactile-entertainment,1366761600.0,,2013-04-24,2013
4415,,ProjectorGames,projectorgames,,,,
4677,,X-Legend,x-legend,,,,
250,392,Square,square,431222400.0,,1983-09-01,1983
773,392,Nintendo EAD Tokyo Software Development Group No.1,nintendo-ead-tokyo-software-development-group-no-dot-1,1064880000.0,421.0,2003-09-30,2003
831,392,Access Games,access-games,1041292800.0,,2002-12-31,2002
832,826,Rising Star Games,rising-star-games,1104451200.0,,2004-12-31,2004
1467,,Sammy,sammy,,,,
2028,392,DreamFactory,dreamfactory,815184000.0,,1995-11-01,1995
2162,840,5th Cell,5th-cell,,,,
4318,356,GodSpeed Games,godspeed-games,,,,
5027,,Lino Slahuschek,lino-slahuschek,,,,
5157,,HuniePot,huniepot,,,,
88,840,Shiny Entertainment,shiny-entertainment,749433600.0,4358.0,1993-10-01,1993
824,826,Square Enix London Studios,square-enix-london-studios,1257897600.0,4940.0,2009-11-11,2009
1737,826,Little Orbit,little-orbit,,,,
3690,76,TecToy,tectoy,,,,
4542,,Eden Industries,eden-industries,,,,
4997,,Watermelon Co.,watermelon-co,,,,
5352,826,Clever Beans,clever-beans,,,,
6087,,Milkbag Games,milkbag-games,,,,
6176,,The Oliver Twins,the-oliver-twins,,,,
7126,,ACE,ace,,,,
221,826,Splash Damage,splash-damage,988675200.0,,2001-05-01,2001
895,840,Heavy Iron Studios,heavy-iron-studios,915148800.0,,1999-01-01,1999
1941,,Universal Pictures,universal-pictures,,,,
3634,840,Sperasoft,sperasoft,1104451200.0,,2004-12-31,2004
4362,392,Edelweiss,edelweiss,,,,
4442,840,Newgrounds,newgrounds,804988800.0,,1995-07-06,1995
4707,,State of Play Games,state-of-play-games,1230681600.0,,2008-12-31,2008
4753,804,Beatshapers,beatshapers,,,,
5144,,Brilliant Skies Ltd.,brilliant-skies-ltd,,,,
5461,,Game Refuge Inc,game-refuge-inc,,,,
579,840,Big Huge Games,big-huge-games,949363200.0,8431.0,2000-02-01,2000
1420,724,BeautiFun Games,beautifun-games,1325289600.0,,2011-12-31,2011
1464,484,Squad,squad,1262217600.0,,2009-12-31,2009
1952,392,Sting Entertainment,sting-entertainment,602812800.0,,1989-02-07,1989
1985,,Melbourne House,melbourne-house,,,,
2984,36,Sega Studios Australia,sega-studios-australia,1041292800.0,,2002-12-31,2002
3083,208,Reto-Moto,reto-moto,883526400.0,,1997-12-31,1997
3262,840,Ubisoft North America,ubisoft-north-america,1262217600.0,7041.0,2009-12-31,2009
4414,380,Haruneko Entertainment,haruneko-entertainment,,,,
4535,392,Black Tower Studios,black-tower-studios,1356912000.0,,2012-12-31,2012
835,528,Ronimo Games,ronimo-games,1172707200.0,,2007-03-01,2007
965,752,Ghost Games,ghost-games,1350864000.0,1.0,2012-10-22,2012
1187,,SW Games,sw-games,,,,
1651,,Marvel Entertainment,marvel-entertainment,,,,
2332,764,Corecell Technology,corecell-technology,1041292800.0,,2002-12-31,2002
4109,,Kabam,kabam,,,,
4281,,Raptisoft Games,raptisoft-games,1104451200.0,,2004-12-31,2004
4440,840,Adult Swim Games,adult-swim-games,1135987200.0,,2005-12-31,2005
4576,,TV Tokyo Corporation,tv-tokyo-corporation,,,,
5131,276,CipSoft,cipsoft,1009756800.0,,2001-12-31,2001
7,840,Visceral Games,visceral-games,1241395200.0,1.0,2009-05-04,2009
357,826,Firebrand Games,firebrand-games,,,,
910,840,Re-Logic,re-logic,1288310400.0,,2010-10-29,2010
1290,826,TT Fusion,tt-fusion,1483228800.0,293.0,2017-01-01,2017
2381,,Magical Company,magical-company,,,,
2617,392,Yuki Enterprise,yuki-enterprise,978220800.0,,2000-12-31,2000
4021,703,Eastworks,eastworks,,,,
4524,,BitGroove,bitgroove,,,,
4678,,Beijing Perfect World,beijing-perfect-world,,,,
4820,,Cougar Interactive,cougar-interactive,,,,
379,826,Full Fat,full-fat,820454400.0,,1996-01-01,1996
899,380,Ubisoft Milan,ubisoft-milan,1063152000.0,104.0,2003-09-10,2003
947,792,Taleworlds,taleworlds,1135987200.0,,2005-12-31,2005
1785,,SETA Corporation,seta-corporation,,,,
1850,392,Asmik Ace Entertainment,asmik-ace-entertainment,504835200.0,,1985-12-31,1985
1978,,Team Fusion,team-fusion,,,,
2023,392,Sony Music Entertainment Japan,sony-music-entertainment-japan,670464000.0,10282.0,1991-04-01,1991
2850,840,Nintendo of America,nintendo-of-america,315532800.0,70.0,1980-01-01,1980
2898,,Crowbar Collective,crowbar-collective,,,,
4034,276,Nintendo of Europe,nintendo-of-europe,644198400.0,70.0,1990-06-01,1990
498,724,Pyro Studios,pyro-studios,851990400.0,,1996-12-31,1996
663,392,Capcom Production Studio 4,capcom-production-studio-4,946598400.0,37.0,1999-12-31,1999
819,,Neverland,neverland,,,,
2502,840,Cardboard Computer,cardboard-computer,1274227200.0,,2010-05-19,2010
3078,,En Masse Entertainment,en-masse-entertainment,,,,
3351,,Glitch,glitch,,,,
4089,840,Disastercake,disastercake,1388448000.0,,2013-12-31,2013
4930,826,Spiderling Games,spiderling-games,1419984000.0,,2014-12-31,2014
5103,528,DoubleDutch Games,doubledutch-games,,,,
5111,826,Size Five Games,size-five-games,,,,
137,752,Digital Illusions CE,digital-illusions-ce,757296000.0,,1993-12-31,1993
639,,Strategic Studies Group,strategic-studies-group,,,,
1908,,Lucky Chicken Games,lucky-chicken-games,,,,
1973,840,Twisted Pixel,twisted-pixel,1167523200.0,39621.0,2006-12-31,2006
2097,,20th Century Fox Games,20th-century-fox-games,,,,
2848,840,eGames,egames,725760000.0,,1992-12-31,1992
3085,840,Xaviant,xaviant,1199059200.0,,2007-12-31,2007
3711,392,Qute Corporation,qute-corporation,936144000.0,8623.0,1999-09-01,1999
4380,826,VooFoo Studios,voofoo-studios,1167609600.0,,2007-01-01,2007
4792,,Sirvo,sirvo,,,,
315,840,Trion Worlds,trion-worlds,1167523200.0,,2006-12-31,2006
392,840,High Voltage Software,high-voltage-software,733622400.0,3248.0,1993-04-01,1993
413,840,Human Head Studios,human-head-studios,875664000.0,,1997-10-01,1997
628,826,Stainless Games,stainless-games,757296000.0,,1993-12-31,1993
1125,826,Kuju Entertainment,kuju-entertainment,915062400.0,,1998-12-31,1998
1920,,Viz Media,viz-media,,,,
2048,840,Blue Planet Software,blue-planet-software,851990400.0,,1996-12-31,1996
2371,,Revolutionary Concepts,revolutionary-concepts,,,,
2488,840,Atlus USA,atlus-usa,694137600.0,818.0,1991-12-31,1991
2501,,Overhaul Games,overhaul-games,,,,
122,276,Crytek Frankfurt,crytek-frankfurt,915148800.0,,1999-01-01,1999
1009,246,RedLynx,redlynx,946684800.0,104.0,2000-01-01,2000
1108,528,Two Tribes B.V.,two-tribes-b-v,993945600.0,8483.0,2001-07-01,2001
1359,826,Ruffian Games,ruffian-games,1207008000.0,29.0,2008-04-01,2008
1658,124,Sauropod Studio,sauropod-studio,,,,
1662,,Orteil,orteil,,,,
2012,,Evolution Games,evolution-games,,,,
3019,,Triangle Service,triangle-service,,,,
3232,,NEURON AGE,neuron-age,,,,
3501,,Paw Paw Productions,paw-paw-productions,,,,
547,840,Accolade,accolade,469065600.0,,1984-11-12,1984
625,,Microsoft Research,microsoft-research,,,,
857,840,ThatGameCompany,thatgamecompany,1147651200.0,,2006-05-15,2006
1245,392,Ambrella,ambrella,820454400.0,70.0,1996-01-01,1996
1313,392,ART,art,801100800.0,,1995-05-22,1995
1887,,Black Dragon Productions,black-dragon-productions,,,,
2271,840,SpiderMonk Entertainment,spidermonk-entertainment,,,,
3821,840,flippfly,flippfly,,,,
4014,124,Vblank Entertainment,vblank-entertainment,,,,
4175,,BeTomorrow,betomorrow,,,,
282,840,Trilobyte,trilobyte,662601600.0,,1990-12-31,1990
382,276,Silver Style Entertainment,silver-style-entertainment,,,,
630,392,Koei,koei,270172800.0,,1978-07-25,1978
804,36,Beam Software,beam-software,347068800.0,,1980-12-31,1980
806,36,Tantalus Interactive,tantalus-interactive,788832000.0,,1994-12-31,1994
859,840,Runic Games,runic-games,1218153600.0,917.0,2008-08-08,2008
1167,,Super Fighter Team,super-fighter-team,,,,
1311,,Cartoon Network Interactive,cartoon-network-interactive,,,,
1541,276,Metricminds,metricminds,1009756800.0,10075.0,2001-12-31,2001
1704,840,Cyberdreams,cyberdreams,662601600.0,,1990-12-31,1990
533,840,Stardock,stardock,694137600.0,,1991-12-31,1991
892,392,Capcom Production Studio 2,capcom-production-studio-2,,37.0,,
1051,124,Hothead Games,hothead-games,,,,
1087,,MECC,mecc,,,,
1392,804,Vostok Games,vostok-games,,,,
2758,,Tezuka Productions,tezuka-productions,,,,
3025,392,"Creative Intelligence Arts, Inc.",creative-intelligence-arts-inc,1279670400.0,,2010-07-21,2010
3029,840,BattleCry Studios,battlecry-studios,1356912000.0,,2012-12-31,2012
3312,,Dark Horse,dark-horse,,,,
4419,,Conifer Games,conifer-games,,,,
13,840,Demiurge Studios,demiurge-studios,1041292800.0,42782.0,2002-12-31,2002
119,,Mass Media Interactive Entertainment,mass-media-interactive-entertainment,,,,
372,804,GSC World Publishing,gsc-world-publishing,1104451200.0,,2004-12-31,2004
713,,Raylight Studios,raylight-studios,,,,
863,392,Takara,takara,-441936000.0,,1955-12-31,1955
1181,,Digital Pictures,digital-pictures,,,,
1699,840,Reverb Publishing,reverb-publishing,,,,
1760,392,AlphaDream,alphadream,947635200.0,,2000-01-12,2000
2141,276,FAKT Software,fakt-software,946598400.0,,1999-12-31,1999
2231,,Noise Factory,noise-factory,,,,
505,840,Outrage Games,outrage-games,880934400.0,197.0,1997-12-01,1997
564,840,Presto Studios,presto-studios,711590400.0,,1992-07-20,1992
732,392,Project Soul,project-soul,,,,
1251,840,Beyond Games,beyond-games,725760000.0,,1992-12-31,1992
1454,,WarChest,warchest,,,,
3643,,Steambot,steambot,,,,
4255,,Magic House,magic-house,,,,
4460,826,Twistplay,twistplay,1356912000.0,,2012-12-31,2012
4461,,Chilled Mouse,chilled-mouse,,,,
4517,,Hoplite Research,hoplite-research,1009756800.0,,2001-12-31,2001
501,250,Delphine Software,delphine-software,599529600.0,,1988-12-31,1988
1656,,Alcuria Games,alcuria-games,,,,
2039,,Tommo Inc,tommo-inc,,,,
2265,,EM Studios,em-studios,,,,
2297,752,ColdWood Interactive,coldwood-interactive,,,,
2890,392,Bimboosoft,bimboosoft,,,,
3540,,SGS,sgs,,,,
4320,,Adventure Productions,adventure-productions,,,,
4323,,Mirage Interactive,mirage-interactive,,,,
4483,380,MixedBag,mixedbag,1388448000.0,,2013-12-31,2013
198,840,Iron Lore Entertainment,iron-lore-entertainment,970358400.0,,2000-10-01,2000
205,840,GT Interactive Software,gt-interactive-software,728524800.0,213.0,1993-02-01,1993
336,392,Square Enix Product Development Division 3,square-enix-product-development-division-3,851990400.0,26.0,1996-12-31,1996
380,826,Adventure Soft,adventure-soft,707529600.0,,1992-06-03,1992
675,528,Orange Games,orange-games,757296000.0,,1993-12-31,1993
809,,South Park Digital Studios,south-park-digital-studios,,,,
1402,840,BlueSky Software,bluesky-software,599529600.0,,1988-12-31,1988
1564,,Portalarium,portalarium,,,,
2876,124,Gogii Games,gogii-games,1167523200.0,,2006-12-31,2006
2916,124,Breakfall,breakfall,,,,
222,124,BioWare Edmonton,bioware-edmonton,791596800.0,2.0,1995-02-01,1995
1016,,Twisted Tree,twisted-tree,,,,
1312,840,Realtime Associates,realtime-associates,536371200.0,,1986-12-31,1986
2115,392,Barnhouse Effect,barnhouse-effect,859766400.0,,1997-03-31,1997
2360,392,Kaneko,kaneko,329616000.0,,1980-06-12,1980
2414,840,Radiant Entertainment,radiant-entertainment,1388448000.0,,2013-12-31,2013
2421,246,Nokia,nokia,-1767225600.0,,1914-01-01,1914
2516,,SPS,sps,,,,
2914,,Grip Games,grip-games,,,,
3094,392,Leaf,leaf,915062400.0,3045.0,1998-12-31,1998
206,,Epic MegaGames,epic-megagames,,,,
425,826,Eurocom Entertainment Software,eurocom-entertainment-software,591667200.0,,1988-10-01,1988
470,840,Turbine,turbine,1109289600.0,,2005-02-25,2005
753,40,Nordic Games Publishing,nordic-games-publishing,1230681600.0,7416.0,2008-12-31,2008
1003,752,Dennaton Games,dennaton-games,1356912000.0,,2012-12-31,2012
1247,,Lego Group,lego-group,,,,
1391,276,gamigo AG,gamigo-ag,,,,
1401,752,Oxeye Game Studio,oxeye-game-studio,,,,
1406,124,Going Load Studios,going-load-studios,,,,
1505,,EA Maxis,ea-maxis,,,,
1323,,Grigon Entertainment,grigon-entertainment,,,,
1377,840,Uber Entertainment,uber-entertainment,1204329600.0,,2008-03-01,2008
2036,,Sunrise Interactive,sunrise-interactive,,,,
2099,392,Silicon Studio,silicon-studio,978220800.0,,2000-12-31,2000
2440,840,2XL Games,2xl-games,,,,
2549,276,Runesoft,runesoft,,,,
2935,392,Nintendo SPD,nintendo-spd,1064880000.0,70.0,2003-09-30,2003
2995,,Namco Bandai America,namco-bandai-america,,,,
3072,,Grey Box,grey-box,,,,
3757,,Elverils LLC,elverils-llc,,,,
394,250,Nadeo,nadeo,978220800.0,104.0,2000-12-31,2000
939,,Gazillion Entertainment,gazillion-entertainment,,,,
1278,,Paradigm Entertainment,paradigm-entertainment,,,,
2225,392,NanaOn-Sha,nanaon-sha,,,,
2364,,Big Fun Games,big-fun-games,,,,
2498,,Fusty Game,fusty-game,,,,
2807,276,Shin'en,shin-en,946598400.0,,1999-12-31,1999
2832,440,On5,on5,1262217600.0,,2009-12-31,2009
2894,724,3D2 Entertainment,3d2-entertainment,1325289600.0,,2011-12-31,2011
2973,616,Reality Pump,reality-pump,820368000.0,,1995-12-31,1995
44,392,Team Ico,team-ico,883526400.0,400.0,1997-12-31,1997
100,643,Nival Interactive,nival-interactive,851990400.0,,1996-12-31,1996
203,203,Illusion Softworks,illusion-softworks,883526400.0,,1997-12-31,1997
317,840,Dynamix,dynamix,473299200.0,,1984-12-31,1984
575,826,Impressions Games,impressions-games,631065600.0,147.0,1989-12-31,1989
854,208,Playdead,playdead,1149120000.0,,2006-06-01,2006
1059,392,"YUKE'S Co., Ltd.",yukes-co-dot-ltd,730684800.0,,1993-02-26,1993
1129,,Quixel,quixel,,,,
1296,392,Raizing,raizing,732153600.0,,1993-03-15,1993
1370,,Emily Short,emily-short,,,,
15,840,2K Marin,2k-marin,1175299200.0,8.0,2007-03-31,2007
18,156,2K China,2k-china,1147132800.0,8.0,2006-05-09,2006
20,,Darkside Game Studios,darkside-game-studios,,,,
24,840,Sierra Entertainment,sierra-entertainment,291686400.0,,1979-03-31,1979
338,840,Encore,encore,,,,
538,840,Viva Media,viva-media,946598400.0,,1999-12-31,1999
649,840,2K Boston,2k-boston,1186704000.0,139.0,2007-08-10,2007
823,124,United Front Games,united-front-games,1199059200.0,,2007-12-31,2007
1013,124,Polytron Corporation,polytron-corporation,,,,
1033,826,SCE London Studio,sce-london-studio,1041292800.0,13634.0,2002-12-31,2002
450,,Aion Team Development Dept,aion-team-development-dept,,,,
611,840,Celeris,celeris,567907200.0,,1987-12-31,1987
661,,Image Space Incorporated,image-space-incorporated,,,,
688,840,S2 Games,s2-games,,,,
737,,Exosyphen Studios,exosyphen-studios,1072828800.0,,2003-12-31,2003
1272,,Sega Sports R&D,sega-sports-r-d,,,,
1277,840,Mattel Interactive,mattel-interactive,824083200.0,2889.0,1996-02-12,1996
1425,840,Misfits Attic,misfits-attic,,,,
1451,276,Black Pants Game Studio,black-pants-game-studio,,,,
1622,392,Omiya Soft,omiya-soft,725846400.0,,1993-01-01,1993
235,840,Heuristic Park,heuristic-park,820368000.0,,1995-12-31,1995
269,826,Enlight Software Limited,enlight-software-limited,757296000.0,,1993-12-31,1993
387,840,Sculptured Software,sculptured-software,489974400.0,287.0,1985-07-12,1985
391,,Red Fly Studio,red-fly-studio,,,,
448,,Vicious Cycle Software,vicious-cycle-software,,,,
655,392,Capcom Production Studio 3,capcom-production-studio-3,946598400.0,37.0,1999-12-31,1999
700,840,Majesco Entertainment,majesco-entertainment,536371200.0,,1986-12-31,1986
907,840,Sony Computer Entertainment of America,sony-computer-entertainment-of-america,,,,
1099,,Mercenary Technology,mercenary-technology,,,,
1259,,FreeStyleGames,freestylegames,,,,
45,392,"Sony Computer Entertainment, Inc. (SCEI)",sony-computer-entertainment-inc-scei,753408000.0,10282.0,1993-11-16,1993
212,840,Sunstorm Interactive,sunstorm-interactive,820368000.0,,1995-12-31,1995
214,,Sylum Entertainment,sylum-entertainment,,,,
316,,Sierra,sierra,1419984000.0,66.0,2014-12-31,2014
319,840,n-Space,n-space--1,788832000.0,,1994-12-31,1994
444,124,Radical Entertainment,radical-entertainment,683683200.0,66.0,1991-09-01,1991
465,,U.S. Army,u-s-army,,,,
573,,Tri Synergy,tri-synergy,,,,
814,,SuperVillain Studios,supervillain-studios,,,,
825,840,Vigil Games,vigil-games,1135987200.0,197.0,2005-12-31,2005
62,840,Griptonite Games,griptonite-games,760060800.0,216.0,1994-02-01,1994
133,840,Rogue Entertainment,rogue-entertainment,788832000.0,,1994-12-31,1994
243,840,Sony Online Entertainment,sony-online-entertainment,882316800.0,13634.0,1997-12-17,1997
399,,Longtail Studios,longtail-studios,,104.0,,
593,124,The Adventure Company,the-adventure-company,1041292800.0,753.0,2002-12-31,2002
682,,Reactor Zero,reactor-zero,,,,
706,826,HotGen,hotgen,,,,
712,840,EA Mobile,ea-mobile,1104451200.0,1.0,2004-12-31,2004
740,156,Spicy Horse Games,spicy-horse-games,1199059200.0,,2007-12-31,2007
764,826,Psygnosis,psygnosis,473299200.0,13634.0,1984-12-31,1984
6,826,Lionhead Studios,lionhead-studios,851990400.0,,1996-12-31,1996
74,392,CyberFront,cyberfront,902793600.0,5191.0,1998-08-11,1998
223,840,Edge of Reality,edge-of-reality,915062400.0,,1998-12-31,1998
234,250,Cryo Interactive,cryo-interactive,725760000.0,,1992-12-31,1992
647,276,Related Designs,related-designs,820368000.0,,1995-12-31,1995
750,,Cinemaware,cinemaware,,,,
798,36,Ubisoft Australia,ubisoft-australia,,104.0,,
926,616,City Interactive,city-interactive,1041292800.0,,2002-12-31,2002
1045,840,Viacom New Media,viacom-new-media,788832000.0,,1994-12-31,1994
1143,,"Pangea Software, Inc.",pangea-software-inc,,,,
87,840,Mythic Entertainment,mythic-entertainment,878342400.0,,1997-11-01,1997
160,840,Double Helix Games,double-helix-games,1191888000.0,4358.0,2007-10-09,2007
412,826,Codemasters Southam,codemasters-southam,536371200.0,115.0,1986-12-31,1986
422,840,Carbine Studios,carbine-studios,1135987200.0,256.0,2005-12-31,2005
543,826,Rage Software,rage-software,725760000.0,,1992-12-31,1992
786,392,Q Entertainment,q-entertainment,1065744000.0,,2003-10-10,2003
870,,SEGA Amusements Europe,sega-amusements-europe,,,,
936,,Shining Rock Software,shining-rock-software,,,,
948,840,Spark Unlimited,spark-unlimited,1014940800.0,,2002-03-01,2002
964,,1C:Ino-Co Plus,1c-ino-co-plus,,,,
42,156,Tencent Holdings,tencent-holdings,915062400.0,,1998-12-31,1998
90,840,Neversoft Entertainment,neversoft-entertainment,773020800.0,66.0,1994-07-01,1994
103,348,Black Hole Entertainment,black-hole-entertainment,1009756800.0,,2001-12-31,2001
120,,MacPlay,macplay,,,,
127,,Funcom Productions,funcom-productions,,,,
165,,DC Entertainment,dc-entertainment,,,,
200,392,Electronic Arts Victor,electronic-arts-victor,662601600.0,1.0,1990-12-31,1990
232,,Triptych Games,triptych-games,,,,
306,124,Rockstar Toronto,rockstar-toronto,1041292800.0,29.0,2002-12-31,2002
351,124,EA Montreal,ea-montreal,1079481600.0,1.0,2004-03-17,2004
158,826,Crytek UK,crytek-uk,946598400.0,249.0,1999-12-31,1999
209,840,Wideload Games,wideload-games,1072828800.0,95.0,2003-12-31,2003
301,203,2K Czech,2k-czech,1230681600.0,8.0,2008-12-31,2008
402,,Day 1 Studios,day-1-studios,,,,
408,840,TimeGate Studios,timegate-studios,915062400.0,,1998-12-31,1998
416,,Syfy Games,syfy-games,,,,
435,840,Danger Close,danger-close,1293753600.0,1.0,2010-12-31,2010
787,392,Aspect,aspect,669859200.0,,1991-03-25,1991
868,,Junction Point Studios,junction-point-studios,,,,
872,,Altron,altron,,,,
30,36,Team Bondi,team-bondi,1072828800.0,,2003-12-31,2003
54,,TransGaming Technologies,transgaming-technologies,,,,
60,,Climax Group,climax-group,,,,
155,752,Easy Studios,easy-studios,1230681600.0,1.0,2008-12-31,2008
162,203,Vatra Games,vatra-games,1262217600.0,1125.0,2009-12-31,2009
182,840,Nihilistic Software,nihilistic-software,888710400.0,,1998-03-01,1998
239,,Gas Powered Games,gas-powered-games,,,,
308,826,Rockstar Leeds,rockstar-leeds,1104451200.0,29.0,2004-12-31,2004
323,392,Nextech,nextech,762480000.0,112.0,1994-03-01,1994
332,124,EA Black Box,ea-black-box,,1.0,,
32,840,Sierra On-Line,sierra-on-line,283996800.0,147.0,1979-01-01,1979
81,,Destination Software,destination-software,,,,
132,840,Destineer,destineer,946684800.0,,2000-01-01,2000
136,840,Planet Moon Studios,planet-moon-studios,883526400.0,,1997-12-31,1997
159,392,Konami Computer Entertainment Tokyo,konami-computer-entertainment-tokyo,796867200.0,129.0,1995-04-03,1995
204,840,Gathering of Developers,gathering-of-developers,884649600.0,139.0,1998-01-13,1998
211,124,Blue Castle Games,blue-castle-games,1120435200.0,,2005-07-04,2005
230,840,MachineWorks Northwest,machineworks-northwest,,,,
236,124,DreamCatcher Interactive,dreamcatcher-interactive,851990400.0,469.0,1996-12-31,1996
268,124,Global Star Software,global-star-software,725760000.0,139.0,1992-12-31,1992
11,840,EA Redwood Shores,ea-redwood-shores,915062400.0,1.0,1998-12-31,1998
92,840,NovaLogic,novalogic,492220800.0,,1985-08-07,1985
140,840,EA Los Angeles,ea-los-angeles,978220800.0,1.0,2000-12-31,2000
166,,Shadows in Darkness,shadows-in-darkness,,,,
181,840,Blue Fang Games,blue-fang-games,,,,
238,,Typhoon Games,typhoon-games,,,,
267,840,TalonSoft,talonsoft,794016000.0,139.0,1995-03-01,1995
328,,Mean Hamster Software,mean-hamster-software,,,,
329,392,Cavia,cavia,951868800.0,,2000-03-01,2000
333,702,EA Singapore,ea-singapore,,,,
64,840,Savage Entertainment,savage-entertainment,883526400.0,,1997-12-31,1997
65,840,Luxoflux,luxoflux,,,,
77,840,Totally Games,totally-games,757296000.0,,1993-12-31,1993
80,840,Vivendi Games,vivendi-games,1167523200.0,,2006-12-31,2006
141,826,Virgin Interactive Entertainment (Europe) Ltd.,virgin-interactive-entertainment-europe-ltd,441676800.0,,1983-12-31,1983
145,276,cdv Software Entertainment,cdv-software-entertainment,978220800.0,,2000-12-31,2000
190,840,Atari Corporation,atari-corporation,453600000.0,183.0,1984-05-17,1984
192,,Zodttd,zodttd,,,,
210,,Southlogic Studios,southlogic-studios,,,,
237,276,Crimson Cow,crimson-cow,,,,
118,840,Midway Studios Los Angeles,midway-studios-los-angeles,788832000.0,327.0,1994-12-31,1994
125,,Crytek Budapest,crytek-budapest,,249.0,,
130,840,MacSoft Games,macsoft-games,757296000.0,132.0,1993-12-31,1993
262,,Flagship Studios,flagship-studios,,,,
276,,EA UK,ea-uk,,,,
312,392,Konami Computer Entertainment Japan,konami-computer-entertainment-japan,851990400.0,129.0,1996-12-31,1996
367,840,Gray Matter Interactive,gray-matter-interactive,757382400.0,66.0,1994-01-01,1994
375,,Red Ant Enterprises,red-ant-enterprises,,,,
376,,Linux Game Publishing,linux-game-publishing,,,,
429,826,Venom Games,venom-games,1072828800.0,8.0,2003-12-31,2003
52,,LTI Gray Matter,lti-gray-matter,,,,
101,,Freeverse Software,freeverse-software,,,,
135,276,Sunflowers,sunflowers,725846400.0,,1993-01-01,1993
147,250,Vivendi Universal,vivendi-universal,1009756800.0,,2001-12-31,2001
149,840,Ritual Entertainment,ritual-entertainment,839808000.0,,1996-08-12,1996
199,,Sonokong,sonokong,,,,
240,840,Stainless Steel Studios,stainless-steel-studios,883612800.0,,1998-01-01,1998
254,,Widescreen Games,widescreen-games,,,,
271,840,The Collective,the-collective,883526400.0,4358.0,1997-12-31,1997
295,840,Origin Systems,origin-systems,410227200.0,1.0,1983-01-01,1983
117,840,Troika Games,troika-games,891388800.0,,1998-04-01,1998
134,40,Max Design,max-design,694137600.0,,1991-12-31,1991
153,124,Digital Illusions CE: Canada,digital-illusions-ce-canada,,,,
189,840,BAM! Entertainment,bam-entertainment,939254400.0,,1999-10-07,1999
194,,Hothouse Creations,hothouse-creations,,,,
201,840,Cyberlore Studios,cyberlore-studios,725760000.0,,1992-12-31,1992
202,,Pterodon,pterodon,,,,
207,840,PopTop Software,poptop-software,757296000.0,139.0,1993-12-31,1993
258,,KnowWonder,knowwonder,,,,
259,826,Warthog Games,warthog-games,859852800.0,,1997-04-01,1997
97,840,New World Computing,new-world-computing,473299200.0,99.0,1984-12-31,1984
99,840,The 3DO Company,the-3do-company,694137600.0,,1991-12-31,1991
121,,Blizzard Classic Arcade,blizzard-classic-arcade,,,,
195,840,Brøderbund Software,broderbund-software,347068800.0,1524.0,1980-12-31,1980
304,840,Quicksilver Software,quicksilver-software,,,,
325,840,Saffire,saffire,788832000.0,,1994-12-31,1994
346,392,The Game Designers Studio,the-game-designers-studio,930009600.0,10938.0,1999-06-22,1999
352,,Eden Studios,eden-studios,915062400.0,,1998-12-31,1998
359,,Hammerhead,hammerhead,,,,
369,,Chris Sawyer,chris-sawyer,,,,
59,840,Blizzard North,blizzard-north,851990400.0,,1996-12-31,1996
76,,Ronin Entertainment,ronin-entertainment,,,,
107,,Lego Media,lego-media,,,,
173,,The Omni Group,the-omni-group,,,,
174,,Digital Mayhem,digital-mayhem,,,,
178,,Intelligent Games,intelligent-games,,,,
215,840,WizardWorks Software,wizardworks-software,662601600.0,82.0,1990-12-31,1990
218,,Vatical Entertainment,vatical-entertainment,,,,
246,36,Micro Forté,micro-forte,504835200.0,,1985-12-31,1985
252,840,Square Electronic Arts,square-electronic-arts,893980800.0,,1998-05-01,1998
14,826,Bullfrog Productions,bullfrog-productions,544147200.0,,1987-03-31,1987
106,840,Loki Software,loki-software,910569600.0,,1998-11-09,1998
142,840,Westwood Pacific,westwood-pacific,820368000.0,,1995-12-31,1995
193,840,Jellyvision,jellyvision,631065600.0,,1989-12-31,1989
217,,Morning Star Multimedia,morning-star-multimedia,,,,
226,,Aardvark Software,aardvark-software,,,,
242,,Verant Interactive,verant-interactive,,,,
247,840,14 Degrees East,14-degrees-east,946598400.0,,1999-12-31,1999
266,,Tarantula Studios,tarantula-studios,,,,
320,392,Kan Navi,kan-navi,,,,
91,,Playmates Interactive Entertainment,playmates-interactive-entertainment,,,,
114,276,reLINE Software,reline-software,,,,
138,,Refraction Games,refraction-games,,,,
180,826,Mythos Games,mythos-games,599529600.0,,1988-12-31,1988
275,,Titan Computer,titan-computer,,,,
341,392,Bullet-Proof Software,bullet-proof-software,429321600.0,,1983-08-10,1983
342,840,Yosemite Entertainment,yosemite-entertainment,915062400.0,4090.0,1998-12-31,1998
344,840,Macmillan Digital Publishing,macmillan-digital-publishing,851990400.0,,1996-12-31,1996
360,840,Logicware,logicware,820368000.0,,1995-12-31,1995
388,392,JVC,jvc,-1334966400.0,54407.0,1927-09-13,1927
84,,CTO SpA,cto-spa,,,,
89,,Shokwave,shokwave,,,,
227,826,U.S. Gold,u-s-gold,473299200.0,,1984-12-31,1984
244,,Edusoft,edusoft,,,,
368,,Infocom,infocom,,,,
472,,Infinite Monkey,infinite-monkey,,,,
506,,Parallax Software,parallax-software,740016000.0,,1993-06-14,1993
550,,Gamestorm,gamestorm,,,,
569,,Rocket Science Games,rocket-science-games,725846400.0,,1993-01-01,1993
602,,Burst Studios,burst-studios,,,,
151,840,Simtex,simtex,599529600.0,,1988-12-31,1988
228,,FormGen,formgen,,,,
231,,Tec Toy Indústria de Brinquedos,tec-toy-industria-de-brinquedos,,,,
456,,Crack dot Com,crack-dot-com,,,,
643,,Rainmaker Software,rainmaker-software,,,,
644,,Merit Software,merit-software,,,,
692,,High Score Productions,high-score-productions,,,,
715,,Hitmen Productions,hitmen-productions,,,,
718,,EA Manchester,ea-manchester,,,,
880,826,Domark Software,domark-software,453081600.0,,1984-05-11,1984
185,,Ninjaforce,ninjaforce,,,,
278,840,Silicon & Synapse,silicon-synapse,,,,
535,,Papyrus,papyrus,,,,
879,826,The Kremlin,the-kremlin,662601600.0,880.0,1990-12-31,1990
1039,,Entertainment Software Partners,entertainment-software-partners,,,,
1090,,Grandslam Video Ltd.,grandslam-video-ltd,,,,
1091,,Real World Software,real-world-software,,,,
1130,380,Simulmondo,simulmondo,599529600.0,,1988-12-31,1988
1132,,Ninano Software,ninano-software,,,,
1152,,International Computer Entertainment,international-computer-entertainment,,,,
9,840,Lucasfilm Games,lucasfilm-games,389059200.0,7424.0,1982-05-01,1982
186,,Stalker Entertainment,stalker-entertainment,,,,
310,,Ultra Games,ultra-games,,,,
324,392,Square Soft,square-soft,,,,
339,,The Assembly Line,the-assembly-line,,,,
772,,Palcom,palcom,,,,
829,,Wolfteam,wolfteam,,,,
838,,Romstar,romstar,,,,
881,,Walking Circles,walking-circles,,,,
1067,826,Magnetic Scrolls,magnetic-scrolls,473299200.0,,1984-12-31,1984
927,,Gottlieb,gottlieb,,,,
1027,826,"Distinctive Software, Inc.",distinctive-software-inc,,,,
1066,,Pandora,pandora,,,,
1076,840,"Datasoft, Inc.",datasoft-inc,347068800.0,,1980-12-31,1980
1080,,Castle Technologies,castle-technologies,,,,
1085,826,Microdeal,microdeal--1,,,,
1142,,"Micro Revelations, Inc.",micro-revelations-inc,,,,
1174,,Kyodai Software Marketing,kyodai-software-marketing,,,,
1282,,Kemco-Seika,kemco-seika,,,,
1340,,Gargoyle Games,gargoyle-games,,,,
708,840,On-Line Systems,on-line-systems,315446400.0,,1979-12-31,1979
1077,,"IntelliCreations, Inc",intellicreations-inc,,,,
1081,,Adventure International,adventure-international,,,,
1086,,Telarium,telarium,,,,
1123,,Personal Software,personal-software,,,,
1139,,Cinematronics,cinematronics,,,,
1141,,Mosaic Publishing,mosaic-publishing,,,,
1158,,Jagware,jagware,,,,
1351,,Lightwave Consultants,lightwave-consultants,,,,
1353,,Binary Systems,binary-systems,,,,
1034,,Home Vision,home-vision,,,,
1035,,Gem International Corp.,gem-international-corp,,,,
1036,,VDI Video Direct International,vdi-video-direct-international,,,,
1105,,Artic,artic,,,,
1107,,Stern,stern,,,,
1121,,Atarisoft,atarisoft,,,,
1138,,General Consumer Electric,general-consumer-electric,,,,
1155,,California Pacific Computer,california-pacific-computer,,,,
1275,,Dempa Shunbunsha,dempa-shunbunsha,,,,
1297,840,Gremlin Industries,gremlin-industries,126144000.0,50699.0,1973-12-31,1973
1345,840,Richard Garriott,richard-garriott,,,,
1350,,The Software Factory,the-software-factory,,,,
2906,,William Higinbotham,william-higinbotham,,,,
4138,,Main Street Publishing,main-street-publishing,,,,
5955,,Nutting Associates,nutting-associates,,,,
6069,,Kee Games,kee-games,,,,
8441,,Vectorbeam,vectorbeam,,,,
8749,,Nakamura Production,nakamura-production,,,,
9288,,"Computer Recreations, Inc.",computer-recreations-inc,,,,
9289,,Allied Leisure Industries,allied-leisure-industries,,,,
41650,,RetroNinja,retroninja,,,,
46298,,Space Rock Games,space-rock-games,,,,
46830,156,Senca,senca,,,,
49459,,Miles' Games,miles-games,,,,
49480,,J Lawal,j-lawal,,,,
49519,,philRaco,philraco,,,,
49526,,Bluu,bluu,,,,
49631,,SlyBalto,slybalto,,,,
53189,36,Covyne Entertainment,covyne-entertainment,1325376000.0,,2012-01-01,2012
53742,616,Rabid Rat,rabid-rat,1546214400.0,,2018-12-31,2018
4451,250,Wild Sheep Studio,wild-sheep-studio,,,,
5624,,Forge Studios,forge-studios,,,,
10387,,Locomotive,locomotive,,,,
10408,,Frederiksberg Svømmehal,frederiksberg-svommehal,,,,
23908,,Iris,iris,,,,
25681,,Boll Team,boll-team,,,,
32114,,TheHauntedPS1,thehauntedps1,,,,
38956,,TryFirst,tryfirst,,,,
41765,276,Beardshaker Games,beardshaker-games,,,,
42865,,Orsonik's Studio,orsoniks-studio,,,,
3178,,Intel,intel,,,,
19976,,ME,me,,,,
28780,,Vilein,vilein,,,,
29362,,Nikodem Grzonkowski,nikodem-grzonkowski,,,,
31115,,Loreweaver Creativeworks,loreweaver-creativeworks,,,,
31181,,Silver Studio games,silver-studio-games,,,,
33440,,Mongoose Rodeo,mongoose-rodeo,,,,
37669,,Beartwigs,beartwigs,,,,
49151,392,brutal_vap,brutal-vap,,,,
49548,112,mechakotik,mechakotik,,,,
12287,,Improbable,improbable,,,,
16047,,Hartung,hartung,,,,
16976,,Ape Inc,ape-inc,,,,
17846,246,Psyon Games,psyon-games,,,,
26620,,ZnelArts,znelarts,,,,
27291,,Sunsoft America,sunsoft-america,,,,
36275,,CBC Kids,cbc-kids,,,,
39062,,Flannel Bear Games,flannel-bear-games,,,,
45811,752,Synergenix Interactive,synergenix-interactive,946598400.0,,1999-12-31,1999
47074,,Miniso,miniso,,,,
5379,,Speed,speed,,,,
5444,,Airborn Studios,airborn-studios,,,,
10049,,Entropy Studio,entropy-studio,,,,
13220,,Pandoneum Studio,pandoneum-studio,,,,
13232,,Stargate Network Association,stargate-network-association,,,,
13329,702,Proxima Beta,proxima-beta,1480636800.0,3595.0,2016-12-02,2016
27382,300,Happyland Games,happyland-games,,,,
29287,,SciPlay,sciplay,,,,
32973,,CesarZ,cesarz,,,,
44439,840,Possqueen,possqueen,,,,
3290,,HEALTH,health,,,,
10936,,Probe 2000,probe-2000,,,,
11191,,QUARTOMUNDO,quartomundo,,,,
12037,,Skylight Studios,skylight-studios,,,,
12546,840,Starfall Studios,starfall-studios,,,,
17814,246,Empires Not Vampires Entertainment,empires-not-vampires-entertainment,,,,
20693,376,Jelly Button,jelly-button,1325289600.0,,2011-12-31,2011
34648,,Retro Ninja,retro-ninja,,,,
35555,826,Square Enix Limited,square-enix-limited,1257724800.0,14692.0,2009-11-09,2009
37797,,Giygas&Beatz,giygas-and-beatz,,,,
17621,,plarium,plarium,,,,
26047,,Black Beard Design Studio Inc.,black-beard-design-studio-inc,,,,
26995,,Naturally Intelligent,naturally-intelligent,,,,
34343,,Mistflux Games,mistflux-games,,,,
37150,,Artnroll Games,artnroll-games,,,,
42281,276,Teamdrew Interactive,teamdrew-interactive,,,,
42782,752,Embracer Group,embracer-group,946598400.0,,1999-12-31,1999
42836,124,Goose Byte,goose-byte,1630454400.0,36725.0,2021-09-01,2021
42957,246,Void Chamber,void-chamber,1659916800.0,,2022-08-08,2022
42977,,Laser Beam,laser-beam,,,,
8273,,Black Point,black-point,,,,
16868,276,Jonas Manke,jonas-manke,,,,
20949,840,Ghost Story Games,ghost-story-games,,33682.0,,
21999,,Hasegawa Corporation,hasegawa-corporation,,,,
28380,,Li Yang,li-yang,,,,
34130,,Tonic Innovations,tonic-innovations,,,,
38510,,Elysium Game Studio,elysium-game-studio,,,,
38615,,TBD,tbd,,,,
38702,,amnedge,amnedge,,,,
38910,,Enhearten Media,enhearten-media,,,,
19577,76,Manifesto Games,manifesto-games,1135987200.0,,2005-12-31,2005
19901,,Ernest Placido,ernest-placido,,,,
31656,,Ongame,ongame,,,,
32882,,Wreckit Games,wreckit-games,,,,
33395,,Glivi Games,glivi-games,,,,
33854,,Onessus,onessus,,,,
34977,,Soramame Games,soramame-games,,,,
36561,,TinyPlay,tinyplay,,,,
36575,,WindraX,windrax,,,,
36597,,GREAT FISH INTERACTIVE,great-fish-interactive,,,,
17857,246,Superplus Games,superplus-games,,,,
27998,,INGLOOM,ingloom,,,,
28037,,Brandon Macleod,brandon-macleod,,,,
28055,,HES games,hes-games,,,,
28056,,Typer Games,typer-games,,,,
28084,,Hazy Paw Games Inc.,hazy-paw-games-inc,,,,
28098,276,Bootcamp Bros.,bootcamp-bros,,,,
28247,,loubro studio,loubro-studio,,,,
28253,,Bug Mane LLC,bug-mane-llc,,,,
28262,,Sinking Ship Studios,sinking-ship-studios,,,,
4306,,JSC Games,jsc-games,,,,
13516,380,CoseBelle,cosebelle,1483142400.0,8623.0,2016-12-31,2016
14369,,EA Originals,ea-originals,,,,
14790,,Aloft Studio,aloft-studio,,,,
15333,826,Quarter Circle Games,quarter-circle-games,1434326400.0,,2015-06-15,2015
17743,752,Kaludoscope,kaludoscope,,,,
18028,,Lawl Games,lawl-games,,,,
18533,,TwoBros,twobros,,,,
18737,826,Octet Storm,octet-storm,,,,
18948,,Prime Chaos,prime-chaos,,,,
154,,Neowiz Games,neowiz-games,,,,
1835,826,Big Bit Ltd,big-bit-ltd,1325289600.0,,2011-12-31,2011
3442,,Asia Soft Inc.,asia-soft-inc,,,,
4663,,Jinnan Studio,jinnan-studio,,,,
4756,,Area 52 Games,area-52-games,,,,
5001,,Prismatic Games,prismatic-games,,,,
5304,840,Moonshot Games,moonshot-games,1254873600.0,,2009-10-07,2009
7527,840,Hitbox Team,hitbox-team,,,,
9933,578,Kreative Spill,kreative-spill,,,,
12146,756,Sycoforge,sycoforge,1293753600.0,,2010-12-31,2010
1049,,ITT Family Games,itt-family-games,,,,
1101,,Meadowhill Interactive,meadowhill-interactive,,,,
1211,,Robotoki,robotoki,,,,
1369,,Project Reality Team,project-reality-team,,,,
1504,,Victory Games,victory-games,1293753600.0,1.0,2010-12-31,2010
1654,,Scary Pixel,scary-pixel,,,,
2279,,Taitale Studios,taitale-studios,,,,
2621,840,Intermetrics Entertainment Software,intermetrics-entertainment-software,,,,
2899,,Tripmine Studios,tripmine-studios,,,,
3088,,Blue Machine Interactive,blue-machine-interactive,,,,
